date_time,maxtempC,mintempC,totalSnow_cm,sunHour,uvIndex,moon_illumination,moonrise,moonset,sunrise,sunset,DewPointC,FeelsLikeC,HeatIndexC,WindChillC,WindGustKmph,cloudcover,humidity,precipMM,pressure,tempC,visibility,winddirDegree,windspeedKmph,location
2019-01-31,4,1,1.9,5.2,1,26,04:25 AM,01:00 PM,07:41 AM,04:47 PM,-2,-1,2,-1,18,51,74,2.2,991,4,8,155,13,London
2019-02-01,3,1,7.2,3.4,1,8,05:24 AM,01:43 PM,07:40 AM,04:49 PM,0,-3,2,-3,30,100,89,9.4,987,3,6,50,21,London
2019-02-02,4,1,0.4,5.2,1,1,06:15 AM,02:32 PM,07:38 AM,04:51 PM,-1,-3,2,-3,30,56,80,0.5,1005,4,9,298,20,London
2019-02-03,4,1,0.0,8.7,1,0,06:59 AM,03:29 PM,07:36 AM,04:53 PM,-3,-1,2,-1,17,33,71,0.0,1022,4,10,266,12,London
2019-02-04,9,5,0.0,3.5,2,0,07:35 AM,04:29 PM,07:35 AM,04:55 PM,5,4,7,4,28,86,90,9.8,1019,9,7,235,17,London
2019-02-05,7,5,0.0,5.2,2,0,08:05 AM,05:32 PM,07:33 AM,04:57 PM,5,4,6,4,17,84,90,0.1,1023,7,11,163,11,London
2019-02-06,9,7,0.0,7.0,2,7,08:30 AM,06:37 PM,07:32 AM,04:58 PM,7,7,9,7,18,66,86,0.8,1018,9,9,224,11,London
2019-02-07,9,6,0.0,7.0,2,14,08:53 AM,07:42 PM,07:30 AM,05:00 PM,3,4,7,4,29,61,74,0.9,1009,9,8,233,19,London
2019-02-08,11,6,0.0,3.7,2,22,09:13 AM,08:48 PM,07:28 AM,05:02 PM,6,6,9,6,45,100,78,6.7,1002,11,8,229,30,London
2019-02-09,10,4,0.0,7.0,2,29,09:32 AM,09:54 PM,07:26 AM,05:04 PM,2,6,9,6,48,75,61,2.3,996,10,18,245,35,London
2019-02-10,8,6,0.0,3.7,2,37,09:51 AM,11:02 PM,07:25 AM,05:06 PM,3,4,7,4,26,76,76,6.8,997,8,10,257,19,London
2019-02-11,11,5,0.0,8.7,2,44,10:11 AM,No moonset,07:23 AM,05:08 PM,3,5,7,5,12,24,75,0.0,1022,11,14,293,9,London
2019-02-12,11,5,0.0,8.7,2,52,10:34 AM,12:11 AM,07:21 AM,05:10 PM,4,5,7,5,15,32,82,0.0,1033,11,13,225,10,London
2019-02-13,11,6,0.0,7.0,2,60,11:02 AM,01:22 AM,07:19 AM,05:11 PM,5,6,8,6,17,56,83,0.0,1033,11,10,205,12,London
2019-02-14,15,5,0.0,8.7,3,67,11:37 AM,02:34 AM,07:17 AM,05:13 PM,5,8,9,8,11,15,75,0.0,1032,15,14,163,8,London
2019-02-15,15,8,0.0,8.7,4,75,12:20 PM,03:46 AM,07:15 AM,05:15 PM,7,10,11,10,12,0,76,0.0,1027,15,13,174,10,London
2019-02-16,13,8,0.0,3.8,3,82,01:17 PM,04:53 AM,07:13 AM,05:17 PM,8,8,10,8,19,55,88,0.0,1023,13,12,204,12,London
2019-02-17,13,8,0.0,7.1,3,90,02:26 PM,05:52 AM,07:11 AM,05:19 PM,7,8,10,8,22,44,81,0.1,1016,13,14,186,15,London
2019-02-18,10,9,0.0,5.4,2,97,03:46 PM,06:40 AM,07:09 AM,05:21 PM,6,7,9,7,19,62,80,1.3,1015,10,10,221,14,London
2019-02-19,11,6,0.0,7.1,2,100,05:11 PM,07:19 AM,07:07 AM,05:22 PM,3,5,8,5,21,46,73,0.0,1018,11,11,240,15,London
2019-02-20,11,8,0.0,3.8,2,88,06:37 PM,07:51 AM,07:05 AM,05:24 PM,5,6,9,6,23,87,77,0.0,1020,11,10,217,16,London
2019-02-21,14,8,0.0,8.7,4,80,08:01 PM,08:17 AM,07:03 AM,05:26 PM,8,9,10,9,16,21,85,0.0,1026,14,10,220,11,London
2019-02-22,16,10,0.0,8.7,4,73,09:23 PM,08:42 AM,07:01 AM,05:28 PM,8,13,13,13,8,2,75,0.0,1034,16,10,168,7,London
2019-02-23,17,9,0.0,8.7,3,65,10:41 PM,09:05 AM,06:59 AM,05:30 PM,9,12,13,12,12,11,77,0.0,1034,17,19,150,9,London
2019-02-24,18,10,0.0,8.7,4,57,11:57 PM,09:29 AM,06:57 AM,05:31 PM,5,13,13,13,7,5,61,0.0,1035,18,10,118,6,London
2019-02-25,20,9,0.0,8.7,4,50,No moonrise,09:55 AM,06:55 AM,05:33 PM,4,14,14,14,8,3,52,0.0,1036,20,10,126,6,London
2019-02-26,20,12,0.0,8.7,5,42,01:10 AM,10:25 AM,06:53 AM,05:35 PM,7,15,15,15,8,0,59,0.0,1033,20,10,119,7,London
2019-02-27,18,12,0.0,8.7,5,35,02:17 AM,10:59 AM,06:51 AM,05:37 PM,9,15,15,15,7,1,68,0.0,1026,18,10,207,6,London
2019-02-28,13,9,0.0,4.1,3,27,03:19 AM,11:40 AM,06:48 AM,05:39 PM,7,9,11,9,20,71,80,0.9,1016,13,10,244,14,London
2019-03-01,11,9,0.0,4.1,3,26,04:13 AM,12:28 PM,06:46 AM,05:40 PM,6,9,10,9,12,92,79,1.0,1018,11,8,276,9,London
2019-03-02,14,7,0.0,5.6,3,19,04:59 AM,01:22 PM,06:44 AM,05:42 PM,7,8,10,8,27,83,79,0.5,1011,14,8,219,19,London
2019-03-03,12,5,0.0,4.1,3,12,05:37 AM,02:21 PM,06:42 AM,05:44 PM,8,9,11,9,41,98,78,11.7,1000,12,8,227,29,London
2019-03-04,9,6,0.0,5.7,2,4,06:09 AM,03:24 PM,06:40 AM,05:46 PM,1,4,8,4,31,80,64,11.7,993,9,9,267,23,London
2019-03-05,11,6,0.0,7.2,2,0,06:35 AM,04:28 PM,06:38 AM,05:47 PM,2,5,8,5,28,62,67,2.4,1002,11,10,227,19,London
2019-03-06,13,9,0.0,4.2,3,0,06:58 AM,05:34 PM,06:35 AM,05:49 PM,8,8,11,8,37,95,80,14.2,990,13,8,197,26,London
2019-03-07,11,6,0.0,5.7,2,3,07:19 AM,06:39 PM,06:33 AM,05:51 PM,2,5,9,5,36,64,64,0.7,992,11,8,259,28,London
2019-03-08,10,5,0.0,7.2,2,10,07:38 AM,07:46 PM,06:31 AM,05:53 PM,3,5,8,5,24,62,70,0.2,1011,10,10,253,18,London
2019-03-09,12,7,0.0,5.7,3,17,07:57 AM,08:54 PM,06:29 AM,05:54 PM,4,7,10,7,30,62,67,0.2,1012,12,9,259,22,London
2019-03-10,11,6,0.0,5.7,2,24,08:16 AM,10:02 PM,06:26 AM,05:56 PM,1,5,8,5,39,70,62,7.1,1009,11,9,243,29,London
2019-03-11,10,4,0.0,8.7,2,32,08:38 AM,11:13 PM,06:24 AM,05:58 PM,-3,3,7,3,32,42,50,0.0,1023,10,10,278,23,London
2019-03-12,11,6,0.0,4.3,2,39,09:03 AM,No moonset,06:22 AM,05:59 PM,3,5,8,5,45,80,69,8.5,1008,11,7,231,31,London
2019-03-13,10,6,0.0,5.9,2,46,09:35 AM,12:23 AM,06:20 AM,06:01 PM,1,4,8,4,43,77,60,0.4,1008,10,10,277,30,London
2019-03-14,12,7,0.0,7.3,3,54,10:13 AM,01:34 AM,06:17 AM,06:03 PM,4,7,10,7,40,89,68,1.8,1006,12,8,273,27,London
2019-03-15,13,10,0.0,5.9,3,61,11:03 AM,02:40 AM,06:15 AM,06:04 PM,9,10,12,10,42,100,79,5.0,1007,13,7,259,28,London
2019-03-16,11,7,0.0,6.0,3,68,12:04 PM,03:40 AM,06:13 AM,06:06 PM,7,8,11,8,47,99,76,5.8,1003,11,7,232,33,London
2019-03-17,10,6,0.0,8.8,2,75,01:18 PM,04:31 AM,06:11 AM,06:08 PM,1,5,8,5,29,61,60,3.9,1003,10,16,280,23,London
2019-03-18,11,5,0.0,8.8,2,83,02:38 PM,05:13 AM,06:08 AM,06:09 PM,2,6,8,6,18,45,65,0.0,1021,11,18,290,13,London
2019-03-19,13,6,0.0,6.0,3,90,04:03 PM,05:47 AM,06:06 AM,06:11 PM,6,9,10,9,11,64,79,0.2,1027,13,10,234,9,London
2019-03-20,15,8,0.0,6.0,3,97,05:28 PM,06:15 AM,06:04 AM,06:13 PM,8,10,11,10,12,80,81,0.0,1032,15,10,230,9,London
2019-03-21,17,8,0.0,7.4,3,100,06:52 PM,06:40 AM,06:02 AM,06:14 PM,9,12,13,12,8,61,78,0.0,1033,17,10,242,6,London
2019-03-22,15,9,0.0,12.6,3,88,08:14 PM,07:04 AM,05:59 AM,06:16 PM,8,11,12,11,14,47,76,0.0,1028,15,10,219,11,London
2019-03-23,11,8,0.0,7.9,2,81,09:34 PM,07:28 AM,05:57 AM,06:18 PM,5,8,10,8,13,74,75,0.1,1031,11,10,148,10,London
2019-03-24,14,7,0.0,12.7,4,74,10:51 PM,07:54 AM,05:55 AM,06:20 PM,2,9,10,9,12,22,57,0.0,1031,14,10,254,10,London
2019-03-25,13,6,0.0,12.7,3,66,No moonrise,08:22 AM,05:53 AM,06:21 PM,1,7,9,7,21,11,59,0.0,1032,13,10,171,16,London
2019-03-26,14,6,0.0,12.7,3,59,12:03 AM,08:55 AM,05:50 AM,06:23 PM,3,9,10,9,8,39,62,0.0,1034,14,10,265,7,London
2019-03-27,13,7,0.0,10.6,3,52,01:09 AM,09:35 AM,05:48 AM,06:25 PM,5,10,11,10,9,37,67,0.0,1035,13,10,317,7,London
2019-03-28,14,8,0.0,9.3,3,45,02:08 AM,10:20 AM,05:46 AM,06:26 PM,5,11,11,11,4,52,66,0.0,1036,14,19,214,4,London
2019-03-29,18,9,0.0,12.8,5,37,02:57 AM,11:13 AM,05:44 AM,06:28 PM,7,14,14,14,6,6,64,0.0,1030,18,20,195,6,London
2019-03-30,18,9,0.0,11.9,3,30,03:39 AM,12:11 PM,05:41 AM,06:30 PM,7,14,14,14,4,40,63,0.2,1023,18,20,232,3,London
2019-03-31,12,8,0.0,10.6,3,26,04:12 AM,01:13 PM,05:39 AM,06:31 PM,5,8,10,8,23,69,69,0.4,1025,12,10,61,18,London
2019-04-01,14,6,0.0,13.0,4,9,04:40 AM,02:17 PM,05:37 AM,06:33 PM,4,8,10,8,16,18,66,0.0,1021,14,10,77,13,London
2019-04-02,9,7,0.0,9.4,2,1,05:03 AM,03:23 PM,05:35 AM,06:35 PM,3,7,8,7,13,60,70,3.4,1004,9,9,239,11,London
2019-04-03,12,4,0.0,13.0,2,0,05:24 AM,04:29 PM,05:32 AM,06:36 PM,-1,7,8,7,6,54,55,0.0,999,12,10,229,5,London
2019-04-04,10,5,0.0,8.2,2,0,05:44 AM,05:36 PM,05:30 AM,06:38 PM,1,5,8,5,24,69,63,0.3,996,10,10,160,19,London
2019-04-05,13,7,0.0,8.2,3,0,06:02 AM,06:44 PM,05:28 AM,06:40 PM,1,7,10,7,26,70,57,0.5,1002,13,9,125,19,London
2019-04-06,11,7,0.0,8.2,2,6,06:21 AM,07:54 PM,05:26 AM,06:41 PM,5,7,9,7,20,68,76,0.1,1005,11,10,65,15,London
2019-04-07,17,7,0.0,10.8,3,14,06:42 AM,09:04 PM,05:23 AM,06:43 PM,8,11,12,11,12,57,78,1.4,1007,17,10,72,9,London
2019-04-08,17,8,0.0,10.8,3,21,07:07 AM,10:16 PM,05:21 AM,06:45 PM,8,12,12,12,5,72,75,1.4,1010,17,10,261,4,London
2019-04-09,13,9,0.0,9.5,3,29,07:36 AM,11:27 PM,05:19 AM,06:46 PM,6,9,11,9,19,93,76,11.2,1013,13,8,49,15,London
2019-04-10,12,6,0.0,13.3,3,36,08:11 AM,No moonset,05:17 AM,06:48 PM,1,6,9,6,24,18,59,0.0,1019,12,10,53,19,London
2019-04-11,12,4,0.0,13.4,3,44,08:57 AM,12:34 AM,05:14 AM,06:50 PM,0,5,8,5,16,20,59,0.0,1026,12,10,61,13,London
2019-04-12,10,5,0.0,10.8,2,52,09:53 AM,01:36 AM,05:12 AM,06:52 PM,-1,6,8,6,13,40,56,0.2,1027,10,10,65,12,London
2019-04-13,10,6,0.0,12.1,2,59,11:00 AM,02:28 AM,05:10 AM,06:53 PM,-1,5,8,5,15,35,54,0.5,1027,10,10,71,13,London
2019-04-14,10,4,0.0,13.3,2,67,12:16 PM,03:11 AM,05:08 AM,06:55 PM,-2,4,7,4,17,31,55,0.1,1025,10,10,82,14,London
2019-04-15,13,6,0.0,13.5,4,74,01:37 PM,03:46 AM,05:06 AM,06:57 PM,2,7,10,7,23,19,58,0.0,1021,13,10,108,17,London
2019-04-16,16,9,0.0,10.9,3,82,02:59 PM,04:15 AM,05:03 AM,06:58 PM,8,12,13,12,11,55,72,0.2,1015,16,10,81,8,London
2019-04-17,20,9,0.0,12.2,4,89,04:22 PM,04:41 AM,05:01 AM,07:00 PM,7,14,14,14,8,31,65,0.2,1020,20,10,100,6,London
2019-04-18,20,11,0.0,11.2,4,97,05:45 PM,05:04 AM,04:59 AM,07:02 PM,8,14,15,14,20,55,64,0.0,1023,20,10,78,15,London
2019-04-19,22,12,0.0,12.3,4,100,07:06 PM,05:27 AM,04:57 AM,07:03 PM,7,16,17,16,16,50,57,0.0,1028,22,10,60,12,London
2019-04-20,25,12,0.0,14.5,5,88,08:25 PM,05:52 AM,04:55 AM,07:05 PM,9,18,19,18,13,3,55,0.0,1030,25,10,48,11,London
2019-04-21,24,15,0.0,14.5,6,81,09:42 PM,06:18 AM,04:53 AM,07:07 PM,8,20,20,20,10,0,49,0.0,1021,24,10,74,9,London
2019-04-22,23,14,0.0,14.5,5,73,10:53 PM,06:49 AM,04:51 AM,07:08 PM,7,18,18,18,14,21,48,0.0,1007,23,10,105,11,London
2019-04-23,21,15,0.0,14.5,5,65,11:57 PM,07:27 AM,04:49 AM,07:10 PM,8,17,17,17,16,20,54,0.0,998,21,10,75,13,London
2019-04-24,18,12,0.0,12.4,3,58,No moonrise,08:10 AM,04:47 AM,07:12 PM,8,13,14,13,18,61,66,0.2,994,18,10,147,15,London
2019-04-25,15,11,0.0,10.2,3,50,12:52 AM,09:01 AM,04:45 AM,07:13 PM,5,11,13,11,25,71,62,1.2,999,15,10,174,20,London
2019-04-26,16,11,0.0,10.3,3,43,01:37 AM,09:58 AM,04:43 AM,07:15 PM,6,11,13,11,23,48,63,0.1,1009,16,17,208,19,London
2019-04-27,12,8,0.0,10.3,3,35,02:14 AM,11:00 AM,04:41 AM,07:17 PM,1,7,10,7,41,86,56,0.9,1010,12,15,259,32,London
2019-04-28,13,5,0.0,10.3,3,28,02:43 AM,12:04 PM,04:39 AM,07:19 PM,4,7,10,7,29,73,66,2.7,1019,13,17,279,22,London
2019-04-29,18,8,0.0,12.4,3,20,03:09 AM,01:09 PM,04:37 AM,07:20 PM,6,12,13,12,10,48,64,0.5,1023,18,18,73,9,London
2019-04-30,21,11,0.0,14.5,5,13,03:30 AM,02:15 PM,04:35 AM,07:22 PM,6,15,16,15,6,9,57,0.0,1024,21,19,107,5,London
2019-05-01,18,11,0.0,10.4,3,12,03:50 AM,03:22 PM,04:33 AM,07:23 PM,7,13,14,13,10,66,64,0.6,1018,18,18,256,8,London
2019-05-02,17,10,0.0,12.4,3,5,04:08 AM,04:30 PM,04:31 AM,07:25 PM,6,12,13,12,18,66,63,5.8,1014,17,14,309,14,London
2019-05-03,16,9,0.0,11.4,3,0,04:26 AM,05:40 PM,04:29 AM,07:27 PM,5,10,11,10,14,62,68,2.9,1014,16,15,175,12,London
2019-05-04,11,6,0.0,11.4,2,0,04:47 AM,06:51 PM,04:27 AM,07:28 PM,-1,6,9,6,26,66,51,1.1,1019,11,11,141,21,London
2019-05-05,12,5,0.0,13.5,2,2,05:10 AM,08:04 PM,04:25 AM,07:30 PM,-1,7,9,7,15,31,52,0.0,1025,12,12,334,13,London
2019-05-06,13,7,0.0,11.5,3,9,05:37 AM,09:17 PM,04:24 AM,07:32 PM,2,8,10,8,13,58,59,0.9,1022,13,12,253,11,London
2019-05-07,16,8,0.0,9.4,3,17,06:10 AM,10:28 PM,04:22 AM,07:33 PM,4,11,12,11,12,85,60,1.6,1015,16,12,214,9,London
2019-05-08,16,10,0.0,9.5,3,24,06:53 AM,11:33 PM,04:20 AM,07:35 PM,7,11,12,11,27,91,71,21.0,995,16,10,189,20,London
2019-05-09,16,10,0.0,10.5,3,31,07:47 AM,No moonset,04:18 AM,07:36 PM,7,11,12,11,21,59,69,3.9,996,16,11,246,16,London
2019-05-10,16,9,0.0,10.5,3,39,08:51 AM,12:28 AM,04:17 AM,07:38 PM,5,13,13,13,10,79,61,2.9,1009,16,13,248,8,London
2019-05-11,16,9,0.0,11.5,3,46,10:04 AM,01:14 AM,04:15 AM,07:40 PM,5,11,12,11,15,64,63,4.0,1017,16,11,34,12,London
2019-05-12,17,10,0.0,11.5,3,53,11:22 AM,01:50 AM,04:14 AM,07:41 PM,5,13,13,13,8,44,59,0.5,1035,17,13,182,7,London
2019-05-13,17,10,0.0,14.5,4,60,12:42 PM,02:20 AM,04:12 AM,07:43 PM,3,13,13,13,12,6,49,0.0,1040,17,14,85,10,London
2019-05-14,17,10,0.0,14.5,5,68,02:02 PM,02:45 AM,04:10 AM,07:44 PM,4,14,14,14,15,4,51,0.0,1036,17,14,81,13,London
2019-05-15,19,12,0.0,14.5,5,75,03:23 PM,03:08 AM,04:09 AM,07:46 PM,6,14,15,14,14,4,56,0.0,1029,19,14,80,12,London
2019-05-16,17,11,0.0,14.5,4,82,04:42 PM,03:30 AM,04:08 AM,07:47 PM,5,13,14,13,17,16,56,0.0,1021,17,14,72,14,London
2019-05-17,15,10,0.0,9.6,3,89,06:01 PM,03:53 AM,04:06 AM,07:49 PM,8,11,12,11,17,90,76,1.3,1010,15,12,30,14,London
2019-05-18,19,12,0.0,10.6,4,97,07:19 PM,04:17 AM,04:05 AM,07:50 PM,8,15,15,15,8,60,64,0.8,1007,19,12,226,7,London
2019-05-19,21,13,0.0,11.6,4,100,08:33 PM,04:46 AM,04:03 AM,07:52 PM,10,17,17,17,7,61,64,1.8,1009,21,11,54,6,London
2019-05-20,22,14,0.0,10.7,4,89,09:42 PM,05:20 AM,04:02 AM,07:53 PM,9,17,17,17,9,76,62,3.5,1012,22,12,149,7,London
2019-05-21,21,13,0.0,14.5,5,81,10:42 PM,06:00 AM,04:01 AM,07:54 PM,9,17,17,17,11,19,59,0.0,1017,21,13,331,10,London
2019-05-22,21,12,0.0,14.5,5,74,11:33 PM,06:49 AM,04:00 AM,07:56 PM,4,16,17,16,11,41,43,0.1,1021,21,13,295,9,London
2019-05-23,22,13,0.0,13.6,4,67,No moonrise,07:44 AM,03:58 AM,07:57 PM,8,17,18,17,10,41,55,0.2,1019,22,13,259,9,London
2019-05-24,22,14,0.0,12.7,4,60,12:13 AM,08:45 AM,03:57 AM,07:58 PM,9,18,19,18,11,37,57,0.6,1018,22,12,331,9,London
2019-05-25,22,14,0.0,13.7,4,52,12:46 AM,09:49 AM,03:56 AM,08:00 PM,10,18,19,18,14,42,60,0.0,1018,22,13,318,11,London
2019-05-26,22,15,0.0,10.3,4,45,01:13 AM,10:54 AM,03:55 AM,08:01 PM,13,17,18,17,24,67,73,6.7,1014,22,12,268,17,London
2019-05-27,19,12,0.0,12.0,4,38,01:35 AM,12:00 PM,03:54 AM,08:02 PM,7,14,15,14,20,50,59,0.5,1012,19,12,281,16,London
2019-05-28,19,11,0.0,12.0,4,31,01:55 AM,01:06 PM,03:53 AM,08:03 PM,7,14,15,14,15,69,61,1.6,1012,19,12,225,13,London
2019-05-29,19,11,0.0,13.7,4,23,02:13 AM,02:13 PM,03:52 AM,08:04 PM,8,15,15,15,14,49,63,0.1,1018,19,10,192,11,London
2019-05-30,19,10,0.0,10.3,4,16,02:32 AM,03:22 PM,03:51 AM,08:06 PM,12,15,16,15,23,85,73,0.1,1021,19,13,255,17,London
2019-05-31,20,12,0.0,12.8,4,12,02:51 AM,04:32 PM,03:50 AM,08:07 PM,12,17,18,17,18,42,70,0.0,1024,20,14,240,14,London
2019-06-01,25,15,0.0,14.5,6,0,03:12 AM,05:45 PM,03:49 AM,08:08 PM,12,21,21,20,15,9,61,0.0,1021,25,20,211,13,London
2019-06-02,24,17,0.0,12.9,5,0,03:37 AM,06:59 PM,03:49 AM,08:09 PM,13,21,22,21,23,56,67,2.0,1011,24,13,206,18,London
2019-06-03,20,13,0.0,14.5,5,0,04:08 AM,08:13 PM,03:48 AM,08:10 PM,7,16,16,16,20,26,56,0.0,1012,20,13,240,17,London
2019-06-04,20,13,0.0,11.2,4,6,04:47 AM,09:23 PM,03:47 AM,08:11 PM,10,17,17,17,16,54,65,1.7,1008,20,10,180,13,London
2019-06-05,20,13,0.0,11.2,4,13,05:38 AM,10:23 PM,03:47 AM,08:12 PM,9,16,16,16,14,76,65,0.2,1005,20,13,233,11,London
2019-06-06,19,13,0.0,13.7,4,21,06:39 AM,11:14 PM,03:46 AM,08:13 PM,6,15,16,15,16,33,54,0.0,1010,19,13,224,14,London
2019-06-07,17,14,0.0,10.4,4,28,07:52 AM,11:54 PM,03:45 AM,08:14 PM,9,14,15,14,29,82,69,13.7,1001,17,10,134,21,London
2019-06-08,18,11,0.0,10.4,4,36,09:10 AM,No moonset,03:45 AM,08:14 PM,7,13,14,13,37,79,64,3.1,1010,18,12,243,28,London
2019-06-09,20,11,0.0,12.9,4,44,10:30 AM,12:25 AM,03:44 AM,08:15 PM,6,15,16,15,13,56,56,0.3,1020,20,18,225,11,London
2019-06-10,13,4,0.0,10.5,3,51,11:50 AM,12:52 AM,03:44 AM,08:16 PM,9,10,12,10,17,96,79,31.0,1015,13,10,127,12,London
2019-06-11,18,12,0.0,10.5,4,59,01:09 PM,01:15 AM,03:44 AM,08:17 PM,9,14,14,14,11,92,72,4.2,1011,18,13,127,8,London
2019-06-12,17,13,0.0,11.3,4,66,02:27 PM,01:37 AM,03:43 AM,08:17 PM,10,15,15,15,8,70,74,6.3,1010,17,13,62,6,London
2019-06-13,18,12,0.0,12.1,4,74,03:45 PM,01:58 AM,03:43 AM,08:18 PM,9,15,15,15,27,69,68,1.7,1006,18,15,212,22,London
2019-06-14,19,13,0.0,12.1,4,81,05:02 PM,02:20 AM,03:43 AM,08:19 PM,10,15,16,15,25,72,69,1.1,1010,19,15,203,20,London
2019-06-15,20,13,0.0,11.3,4,89,06:16 PM,02:47 AM,03:43 AM,08:19 PM,9,15,16,15,21,65,66,2.6,1013,20,18,200,16,London
2019-06-16,20,12,0.0,10.5,4,96,07:27 PM,03:17 AM,03:43 AM,08:20 PM,10,15,16,15,24,66,68,2.2,1016,20,17,214,19,London
2019-06-17,21,13,0.0,12.1,4,100,08:30 PM,03:55 AM,03:43 AM,08:20 PM,9,16,17,16,20,53,63,0.0,1018,21,19,216,16,London
2019-06-18,24,14,0.0,12.9,4,89,09:25 PM,04:39 AM,03:43 AM,08:20 PM,11,19,19,19,7,57,63,0.7,1014,24,19,172,6,London
2019-06-19,22,16,0.0,11.3,4,81,10:10 PM,05:32 AM,03:43 AM,08:21 PM,13,18,18,18,10,84,76,10.1,1007,22,11,252,8,London
2019-06-20,20,14,0.0,12.9,4,73,10:46 PM,06:31 AM,03:43 AM,08:21 PM,9,16,17,16,19,30,61,0.2,1012,20,10,262,16,London
2019-06-21,22,13,0.0,14.5,4,66,11:16 PM,07:34 AM,03:43 AM,08:21 PM,8,17,18,17,11,25,53,0.3,1019,22,10,253,10,London
2019-06-22,22,15,0.0,13.7,5,58,11:40 PM,08:39 AM,03:43 AM,08:21 PM,9,19,19,19,13,32,53,0.2,1021,22,10,121,11,London
2019-06-23,23,16,0.0,12.9,5,51,No moonrise,09:45 AM,03:44 AM,08:22 PM,13,19,20,19,15,45,69,1.1,1017,23,10,87,13,London
2019-06-24,24,14,0.0,12.1,5,43,12:00 AM,10:51 AM,03:44 AM,08:22 PM,16,20,22,20,12,57,73,1.8,1016,24,10,168,9,London
2019-06-25,21,17,0.0,10.5,5,36,12:19 AM,11:57 AM,03:44 AM,08:22 PM,17,20,21,20,13,90,79,13.7,1019,21,7,55,9,London
2019-06-26,22,16,0.0,11.3,4,28,12:37 AM,01:04 PM,03:45 AM,08:22 PM,14,19,19,19,20,73,75,0.1,1027,22,10,41,17,London
2019-06-27,22,14,0.0,14.5,5,21,12:55 AM,02:12 PM,03:45 AM,08:22 PM,10,17,18,17,24,2,63,0.0,1029,22,10,65,20,London
2019-06-28,22,14,0.0,14.5,5,13,01:15 AM,03:24 PM,03:46 AM,08:21 PM,11,17,18,17,22,20,67,0.0,1024,22,10,80,18,London
2019-06-29,32,20,0.0,14.5,7,6,01:38 AM,04:36 PM,03:46 AM,08:21 PM,16,27,27,26,14,4,59,0.0,1016,32,10,138,12,London
2019-06-30,23,19,0.0,13.7,5,0,02:05 AM,05:51 PM,03:47 AM,08:21 PM,13,21,22,21,20,19,60,0.1,1016,23,10,267,17,London
2019-07-01,20,15,0.0,13.7,4,0,02:40 AM,07:04 PM,03:47 AM,08:21 PM,10,18,18,18,21,48,61,0.1,1019,20,10,292,18,London
2019-07-02,22,14,0.0,12.9,4,0,03:25 AM,08:10 PM,03:48 AM,08:20 PM,9,18,19,18,13,43,56,0.1,1025,22,10,182,12,London
2019-07-03,21,15,0.0,12.1,4,2,04:23 AM,09:07 PM,03:49 AM,08:20 PM,10,18,18,18,11,47,57,0.2,1026,21,10,89,10,London
2019-07-04,30,17,0.0,14.5,6,9,05:33 AM,09:52 PM,03:50 AM,08:20 PM,11,23,23,22,7,15,52,0.0,1025,30,10,165,6,London
2019-07-05,28,18,0.0,14.5,6,16,06:52 AM,10:28 PM,03:50 AM,08:19 PM,12,23,23,23,11,12,50,0.0,1019,28,10,309,10,London
2019-07-06,24,18,0.0,12.1,5,24,08:14 AM,10:57 PM,03:51 AM,08:19 PM,14,21,22,21,11,55,65,1.1,1014,24,9,249,9,London
2019-07-07,20,15,0.0,10.4,4,31,09:37 AM,11:21 PM,03:52 AM,08:18 PM,10,17,17,17,11,94,62,2.1,1017,20,8,95,9,London
2019-07-08,23,15,0.0,10.4,4,38,10:58 AM,11:43 PM,03:53 AM,08:17 PM,8,19,19,19,6,80,52,0.3,1021,23,10,173,5,London
2019-07-09,22,15,0.0,10.4,4,45,12:17 PM,No moonset,03:54 AM,08:17 PM,11,18,18,18,12,96,65,0.1,1021,22,10,202,10,London
2019-07-10,24,18,0.0,11.2,5,53,01:34 PM,12:04 AM,03:55 AM,08:16 PM,14,22,22,21,15,74,65,0.7,1018,24,10,241,12,London
2019-07-11,27,18,0.0,12.8,5,60,02:50 PM,12:26 AM,03:56 AM,08:15 PM,12,22,22,21,14,52,57,0.6,1013,27,10,271,12,London
2019-07-12,24,18,0.0,10.4,5,67,04:04 PM,12:51 AM,03:57 AM,08:14 PM,13,22,22,21,18,76,61,1.2,1014,24,9,307,15,London
2019-07-13,23,17,0.0,11.2,5,74,05:16 PM,01:19 AM,03:58 AM,08:13 PM,13,20,21,20,12,57,66,1.3,1021,23,10,222,10,London
2019-07-14,22,16,0.0,12.0,4,82,06:21 PM,01:53 AM,03:59 AM,08:13 PM,12,19,19,19,14,61,64,0.8,1023,22,10,43,12,London
2019-07-15,22,13,0.0,12.7,4,89,07:19 PM,02:34 AM,04:00 AM,08:12 PM,10,17,17,17,12,54,65,0.0,1022,22,10,33,10,London
2019-07-16,30,17,0.0,14.5,6,96,08:07 PM,03:24 AM,04:02 AM,08:11 PM,11,23,23,23,7,20,53,0.1,1019,30,10,221,6,London
2019-07-17,25,19,0.0,14.5,6,100,08:46 PM,04:20 AM,04:03 AM,08:10 PM,12,22,22,22,12,40,56,0.1,1014,25,10,222,10,London
2019-07-18,23,18,0.0,10.9,5,89,09:18 PM,05:22 AM,04:04 AM,08:08 PM,12,20,21,20,17,73,63,2.3,1011,23,9,256,14,London
2019-07-19,19,16,0.0,10.9,4,82,09:44 PM,06:26 AM,04:05 AM,08:07 PM,13,18,18,18,20,69,75,9.1,1011,19,9,221,15,London
2019-07-20,24,18,0.0,10.0,5,75,10:05 PM,07:33 AM,04:06 AM,08:06 PM,14,20,21,20,25,89,69,6.4,1009,24,10,241,19,London
2019-07-21,22,16,0.0,11.8,5,67,10:24 PM,08:38 AM,04:08 AM,08:05 PM,12,19,20,19,16,43,65,0.1,1020,22,10,237,13,London
2019-07-22,27,17,0.0,14.5,6,60,10:42 PM,09:44 AM,04:09 AM,08:04 PM,16,23,23,22,18,39,68,0.0,1022,27,10,229,15,London
2019-07-23,33,23,0.0,14.5,7,53,11:00 PM,10:50 AM,04:10 AM,08:02 PM,16,28,28,27,12,3,53,0.0,1018,33,10,149,10,London
2019-07-24,31,24,0.0,12.7,6,46,11:19 PM,11:57 AM,04:12 AM,08:01 PM,15,28,28,27,17,46,50,9.8,1013,31,9,201,13,London
2019-07-25,36,23,0.0,13.6,7,38,11:39 PM,01:05 PM,04:13 AM,08:00 PM,15,31,31,30,15,21,42,0.5,1011,36,10,160,13,London
2019-07-26,28,22,0.0,10.6,5,31,No moonrise,02:15 PM,04:15 AM,07:58 PM,16,26,26,25,14,74,58,7.4,1010,28,8,261,11,London
2019-07-27,20,18,0.0,9.6,4,24,12:03 AM,03:28 PM,04:16 AM,07:57 PM,14,19,20,19,16,87,72,12.3,1006,20,8,315,13,London
2019-07-28,21,13,0.0,11.6,4,16,12:34 AM,04:41 PM,04:17 AM,07:55 PM,12,17,18,17,20,52,65,0.1,1006,21,10,290,16,London
2019-07-29,25,16,0.0,14.5,6,9,01:13 AM,05:50 PM,04:19 AM,07:54 PM,11,22,22,21,16,21,55,0.0,1009,25,10,197,13,London
2019-07-30,20,12,0.0,9.6,4,2,02:04 AM,06:52 PM,04:20 AM,07:52 PM,13,18,19,18,35,78,68,6.1,1006,20,10,182,25,London
2019-07-31,23,16,0.0,9.6,5,0,03:09 AM,07:43 PM,04:22 AM,07:51 PM,12,19,20,19,28,85,63,2.5,1012,23,10,251,22,London
2019-08-01,25,16,0.0,12.5,5,0,04:25 AM,08:24 PM,04:23 AM,07:49 PM,13,20,21,20,14,43,65,0.0,1017,25,10,301,11,London
2019-08-02,25,17,0.0,11.5,5,5,05:49 AM,08:56 PM,04:25 AM,07:48 PM,13,22,22,21,12,50,62,0.7,1019,25,10,104,10,London
2019-08-03,25,18,0.0,12.5,5,12,07:14 AM,09:24 PM,04:26 AM,07:46 PM,13,22,22,21,9,47,61,0.0,1019,25,10,122,7,London
2019-08-04,24,18,0.0,13.5,5,20,08:39 AM,09:47 PM,04:28 AM,07:44 PM,13,22,22,21,15,38,62,0.1,1014,24,10,165,13,London
2019-08-05,25,17,0.0,10.5,5,27,10:01 AM,10:09 PM,04:29 AM,07:43 PM,13,21,21,21,20,64,63,0.8,1010,25,10,236,17,London
2019-08-06,23,17,0.0,11.5,5,34,11:22 AM,10:31 PM,04:31 AM,07:41 PM,12,20,21,20,23,65,63,1.3,1008,23,10,229,19,London
2019-08-07,24,16,0.0,12.5,5,42,12:39 PM,10:55 PM,04:32 AM,07:39 PM,12,19,20,19,24,45,62,3.3,1006,24,10,246,18,London
2019-08-08,24,16,0.0,13.5,5,49,01:55 PM,11:23 PM,04:34 AM,07:37 PM,13,20,21,20,14,43,63,0.6,1010,24,9,216,12,London
2019-08-09,24,19,0.0,10.4,5,56,03:08 PM,11:55 PM,04:36 AM,07:35 PM,14,22,22,21,31,78,65,8.8,1002,24,10,185,24,London
2019-08-10,22,18,0.0,9.4,5,63,04:14 PM,No moonset,04:37 AM,07:34 PM,12,19,20,19,42,89,61,1.0,1004,22,10,228,34,London
2019-08-11,22,16,0.0,11.4,5,71,05:14 PM,12:33 AM,04:39 AM,07:32 PM,11,19,19,19,30,47,60,0.3,1011,22,10,230,23,London
2019-08-12,21,15,0.0,10.4,4,78,06:04 PM,01:20 AM,04:40 AM,07:30 PM,9,18,18,18,14,66,58,8.0,1014,21,9,311,10,London
2019-08-13,21,14,0.0,14.5,5,85,06:46 PM,02:13 AM,04:42 AM,07:28 PM,7,17,18,17,16,33,53,0.1,1017,21,10,270,14,London
2019-08-14,17,9,0.0,9.3,4,92,07:20 PM,03:13 AM,04:44 AM,07:26 PM,13,15,15,15,21,83,80,12.2,1013,17,9,213,15,London
2019-08-15,22,16,0.0,12.4,4,100,07:47 PM,04:17 AM,04:45 AM,07:24 PM,11,19,19,19,25,52,63,0.3,1012,22,10,277,19,London
2019-08-16,19,13,0.0,10.3,4,100,08:10 PM,05:23 AM,04:47 AM,07:22 PM,13,17,17,17,26,71,74,7.0,1011,19,8,213,20,London
2019-08-17,23,16,0.0,12.4,4,86,08:30 PM,06:28 AM,04:48 AM,07:20 PM,12,19,20,19,26,58,65,5.7,1005,23,10,239,20,London
2019-08-18,21,17,0.0,11.3,4,78,08:48 PM,07:34 AM,04:50 AM,07:18 PM,10,18,18,18,23,61,61,1.0,1005,21,10,239,18,London
2019-08-19,21,14,0.0,13.4,4,71,09:06 PM,08:39 AM,04:52 AM,07:16 PM,9,17,18,17,25,38,60,0.6,1013,21,10,247,20,London
2019-08-20,22,14,0.0,14.5,5,64,09:24 PM,09:46 AM,04:53 AM,07:14 PM,8,18,18,18,16,7,56,0.0,1022,22,10,265,14,London
2019-08-21,22,16,0.0,14.5,5,57,09:43 PM,10:53 AM,04:55 AM,07:12 PM,10,19,19,19,13,23,59,0.0,1026,22,10,228,11,London
2019-08-22,23,15,0.0,13.4,5,49,10:05 PM,12:01 PM,04:56 AM,07:09 PM,11,19,20,19,15,28,60,0.0,1024,23,10,234,13,London
2019-08-23,27,17,0.0,14.5,6,42,10:31 PM,01:11 PM,04:58 AM,07:07 PM,14,22,22,22,6,26,62,0.0,1024,27,10,214,5,London
2019-08-24,28,20,0.0,13.4,5,35,11:06 PM,02:22 PM,05:00 AM,07:05 PM,13,25,25,24,11,22,51,0.0,1019,28,10,109,9,London
2019-08-25,29,21,0.0,14.0,7,28,11:50 PM,03:31 PM,05:01 AM,07:03 PM,13,25,25,25,13,21,50,0.0,1015,29,10,166,11,London
2019-08-26,28,18,0.0,14.0,6,20,No moonrise,04:35 PM,05:03 AM,07:01 PM,14,24,24,23,11,13,60,0.0,1019,28,10,281,10,London
2019-08-27,30,21,0.0,13.6,7,13,12:46 AM,05:31 PM,05:04 AM,06:59 PM,17,26,26,25,8,11,61,0.0,1019,30,10,236,7,London
2019-08-28,28,22,0.0,13.5,7,6,01:56 AM,06:16 PM,05:06 AM,06:56 PM,13,26,26,25,6,29,50,0.0,1013,28,10,172,5,London
2019-08-29,23,15,0.0,13.3,5,0,03:17 AM,06:52 PM,05:08 AM,06:54 PM,10,20,21,20,15,44,53,0.5,1018,23,10,253,13,London
2019-08-30,20,0,0.0,10.8,3,0,04:42 AM,07:22 PM,05:09 AM,06:52 PM,10,19,19,19,12,76,58,0.1,1011,20,10,330,10,London
2019-08-31,24,17,0.0,13.3,5,0,06:09 AM,07:48 PM,05:11 AM,06:50 PM,11,19,20,19,18,26,62,0.0,1012,24,10,232,15,London
2019-09-01,20,15,0.0,13.3,4,9,07:36 AM,08:10 PM,05:13 AM,06:47 PM,7,17,17,17,16,34,52,0.0,1017,20,10,296,14,London
2019-09-02,22,14,0.0,12.0,4,16,09:00 AM,08:33 PM,05:14 AM,06:45 PM,9,17,18,17,16,30,57,0.0,1023,22,10,266,14,London
2019-09-03,21,15,0.0,10.8,4,24,10:21 AM,08:57 PM,05:16 AM,06:43 PM,11,18,18,18,20,62,63,0.0,1022,21,10,258,16,London
2019-09-04,19,15,0.0,10.8,4,32,11:41 AM,09:24 PM,05:17 AM,06:41 PM,9,17,17,17,27,67,62,5.2,1016,19,10,265,22,London
2019-09-05,17,11,0.0,10.7,4,39,12:57 PM,09:55 PM,05:19 AM,06:38 PM,5,13,15,13,22,56,54,0.2,1024,17,10,316,18,London
2019-09-06,17,10,0.0,8.2,3,47,02:07 PM,10:31 PM,05:21 AM,06:36 PM,10,14,15,14,20,72,69,0.6,1022,17,10,263,16,London
2019-09-07,19,12,0.0,9.5,4,54,03:10 PM,11:16 PM,05:22 AM,06:34 PM,7,14,15,14,17,69,61,0.7,1023,19,10,209,14,London
2019-09-08,20,11,0.0,13.1,5,62,04:03 PM,No moonset,05:24 AM,06:32 PM,5,15,15,15,11,13,52,0.0,1023,20,10,254,9,London
2019-09-09,15,8,0.0,8.2,3,69,04:47 PM,12:07 AM,05:25 AM,06:29 PM,10,12,14,12,12,93,75,4.0,1015,15,9,238,10,London
2019-09-10,20,13,0.0,12.0,4,77,05:23 PM,01:06 AM,05:27 AM,06:27 PM,10,16,16,16,6,57,69,0.7,1018,20,9,168,5,London
2019-09-11,19,10,0.0,9.4,4,84,05:52 PM,02:08 AM,05:29 AM,06:25 PM,11,15,16,15,22,67,71,0.1,1020,19,10,249,17,London
2019-09-12,23,15,0.0,10.6,4,92,06:15 PM,03:13 AM,05:30 AM,06:22 PM,13,19,19,19,17,62,71,0.3,1026,23,9,247,14,London
2019-09-13,21,16,0.0,11.9,4,99,06:36 PM,04:19 AM,05:32 AM,06:20 PM,11,18,18,18,15,50,63,0.0,1033,21,10,139,13,London
2019-09-14,27,14,0.0,12.9,6,100,06:54 PM,05:26 AM,05:33 AM,06:18 PM,12,20,20,20,8,9,62,0.0,1032,27,10,97,7,London
2019-09-15,25,17,0.0,12.8,6,85,07:12 PM,06:31 AM,05:35 AM,06:16 PM,12,21,23,21,9,10,55,0.0,1025,25,10,271,8,London
2019-09-16,20,17,0.0,8.0,4,78,07:29 PM,07:38 AM,05:37 AM,06:13 PM,13,18,18,18,12,90,74,0.1,1021,20,10,186,9,London
2019-09-17,20,14,0.0,12.7,5,70,07:48 PM,08:44 AM,05:38 AM,06:11 PM,7,17,17,17,11,5,55,0.0,1025,20,10,26,10,London
2019-09-18,19,11,0.0,12.7,5,63,08:08 PM,09:52 AM,05:40 AM,06:09 PM,5,15,15,15,12,9,53,0.0,1030,19,10,45,10,London
2019-09-19,22,14,0.0,12.7,5,55,08:33 PM,11:01 AM,05:41 AM,06:06 PM,9,18,18,18,7,11,57,0.0,1030,22,10,173,6,London
2019-09-20,20,11,0.0,12.6,5,48,09:03 PM,12:10 PM,05:43 AM,06:04 PM,8,17,17,17,19,0,57,0.0,1025,20,10,100,15,London
2019-09-21,24,14,0.0,12.6,6,40,09:42 PM,01:19 PM,05:45 AM,06:02 PM,9,19,20,19,19,2,50,0.0,1012,24,10,113,15,London
2019-09-22,20,16,0.0,9.2,4,33,10:31 PM,02:23 PM,05:46 AM,06:00 PM,13,18,18,18,22,68,70,2.0,1004,20,9,176,15,London
2019-09-23,20,14,0.0,10.2,4,25,11:34 PM,03:21 PM,05:48 AM,05:57 PM,11,16,17,16,21,55,70,1.6,1010,20,9,218,17,London
2019-09-24,20,16,0.0,6.0,4,18,No moonrise,04:08 PM,05:49 AM,05:55 PM,13,17,17,17,31,91,77,28.0,1003,20,8,206,20,London
2019-09-25,19,15,0.0,6.0,4,10,12:47 AM,04:47 PM,05:51 AM,05:53 PM,12,16,16,16,28,88,78,14.9,1000,19,8,241,20,London
2019-09-26,19,15,0.0,6.0,4,2,02:09 AM,05:20 PM,05:52 AM,05:51 PM,12,17,17,17,27,81,72,0.7,1004,19,9,233,20,London
2019-09-27,17,14,0.0,8.8,4,0,03:35 AM,05:46 PM,05:54 AM,05:48 PM,9,15,15,15,32,58,68,3.2,1005,17,10,235,23,London
2019-09-28,18,13,0.0,6.0,4,0,05:02 AM,06:10 PM,05:56 AM,05:46 PM,9,15,16,15,29,91,68,0.5,1009,18,10,240,22,London
2019-09-29,18,15,0.0,5.9,4,0,06:28 AM,06:33 PM,05:57 AM,05:44 PM,14,17,17,17,34,100,81,33.6,998,18,8,238,24,London
2019-09-30,18,10,0.0,10.2,4,5,07:54 AM,06:56 PM,05:59 AM,05:41 PM,11,14,15,14,18,59,75,0.4,1008,18,9,228,13,London
2019-10-01,20,13,0.0,7.2,4,12,09:17 AM,07:22 PM,06:00 AM,05:39 PM,12,17,17,17,23,76,74,27.3,1000,20,8,183,16,London
2019-10-02,13,7,0.0,8.7,4,19,10:37 AM,07:51 PM,06:02 AM,05:37 PM,3,9,11,9,19,19,55,1.3,1017,13,10,259,16,London
2019-10-03,15,9,0.0,8.7,3,27,11:53 AM,08:26 PM,06:04 AM,05:35 PM,4,11,12,11,12,42,58,1.1,1019,15,10,206,10,London
2019-10-04,16,12,0.0,5.7,3,34,01:01 PM,09:09 PM,06:05 AM,05:32 PM,8,13,14,13,24,84,68,2.8,1008,16,9,272,18,London
2019-10-05,16,12,0.0,4.2,3,41,02:00 PM,09:59 PM,06:07 AM,05:30 PM,9,13,14,13,12,86,74,0.4,1013,16,9,93,9,London
2019-10-06,16,13,0.0,5.7,3,48,02:48 PM,10:56 PM,06:09 AM,05:28 PM,10,13,14,13,24,74,75,25.6,1012,16,9,201,18,London
2019-10-07,13,6,0.0,5.7,3,56,03:26 PM,11:58 PM,06:10 AM,05:26 PM,10,11,13,11,16,69,80,1.5,1015,13,10,248,11,London
2019-10-08,16,12,0.0,7.2,3,63,03:57 PM,No moonset,06:12 AM,05:23 PM,8,13,14,13,25,36,69,3.4,1009,16,10,251,19,London
2019-10-09,15,11,0.0,5.7,3,70,04:21 PM,01:03 AM,06:13 AM,05:21 PM,7,10,12,10,26,85,68,1.4,1006,15,9,250,19,London
2019-10-10,15,10,0.0,7.2,3,77,04:42 PM,02:09 AM,06:15 AM,05:19 PM,7,11,13,11,30,44,66,0.0,1012,15,10,253,21,London
2019-10-11,18,15,0.0,4.1,4,85,05:01 PM,03:16 AM,06:17 AM,05:17 PM,11,16,16,16,34,80,74,2.9,1011,18,9,229,24,London
2019-10-12,13,11,0.0,4.1,3,92,05:19 PM,04:21 AM,06:18 AM,05:15 PM,9,11,12,11,12,85,80,9.8,1008,13,9,211,10,London
2019-10-13,16,13,0.0,4.1,4,99,05:36 PM,05:28 AM,06:20 AM,05:12 PM,11,14,14,14,23,83,82,14.1,1004,16,8,170,16,London
2019-10-14,14,5,0.0,4.1,3,100,05:54 PM,06:35 AM,06:22 AM,05:10 PM,11,11,12,11,14,83,87,22.3,1007,14,9,128,10,London
2019-10-15,17,12,0.0,4.1,3,86,06:13 PM,07:44 AM,06:24 AM,05:08 PM,10,13,14,13,14,69,79,2.5,1003,17,10,230,11,London
2019-10-16,15,6,0.0,4.1,3,79,06:36 PM,08:53 AM,06:25 AM,05:06 PM,9,12,13,12,20,61,74,1.5,1003,15,9,228,15,London
2019-10-17,15,10,0.0,4.0,3,72,07:04 PM,10:03 AM,06:27 AM,05:04 PM,7,12,13,12,19,51,68,1.1,1007,15,10,205,14,London
2019-10-18,15,11,0.0,5.6,3,64,07:40 PM,11:13 AM,06:29 AM,05:02 PM,6,11,13,11,32,65,66,8.0,1001,15,10,218,24,London
2019-10-19,15,12,0.0,8.7,4,57,08:24 PM,12:18 PM,06:30 AM,04:59 PM,7,11,13,11,22,30,68,0.0,1000,15,10,224,16,London
2019-10-20,12,9,0.0,3.8,3,50,09:21 PM,01:17 PM,06:32 AM,04:57 PM,6,9,11,9,20,70,75,0.3,1009,12,10,122,15,London
2019-10-21,13,10,0.0,3.8,3,43,10:29 PM,02:06 PM,06:34 AM,04:55 PM,7,9,11,9,23,89,76,1.2,1017,13,10,141,17,London
2019-10-22,17,10,0.0,8.7,4,35,11:46 PM,02:47 PM,06:36 AM,04:53 PM,7,13,13,13,5,37,68,0.0,1023,17,10,240,4,London
2019-10-23,15,11,0.0,3.8,3,28,No moonrise,03:20 PM,06:37 AM,04:51 PM,10,12,13,12,11,74,81,0.7,1014,15,9,101,8,London
2019-10-24,16,12,0.0,7.1,3,21,01:07 AM,03:47 PM,06:39 AM,04:49 PM,11,13,14,13,10,48,83,0.0,1008,16,8,244,8,London
2019-10-25,14,4,0.0,3.8,3,13,02:31 AM,04:11 PM,06:41 AM,04:47 PM,10,10,12,10,30,66,80,0.6,1012,14,8,218,20,London
2019-10-26,16,11,0.0,3.8,4,6,03:56 AM,04:33 PM,06:43 AM,04:45 PM,11,15,16,15,40,97,77,1.0,1007,16,10,236,28,London
2019-10-27,13,8,0.0,7.0,3,0,05:21 AM,04:55 PM,06:44 AM,04:43 PM,3,9,10,9,14,22,59,0.0,1022,13,10,322,12,London
2019-10-28,11,8,0.0,8.7,3,0,06:45 AM,05:19 PM,06:46 AM,04:41 PM,4,8,9,8,11,13,71,0.0,1025,11,10,60,9,London
2019-10-29,12,8,0.0,7.0,3,1,08:09 AM,05:47 PM,06:48 AM,04:39 PM,3,7,10,7,21,47,64,0.3,1027,12,10,56,16,London
2019-10-30,12,9,0.0,7.0,3,8,09:30 AM,06:19 PM,06:50 AM,04:37 PM,4,8,10,8,19,47,66,0.0,1025,12,10,89,14,London
2019-10-31,11,9,0.0,7.0,3,12,10:44 AM,06:59 PM,06:52 AM,04:36 PM,5,8,10,8,17,48,72,0.0,1019,11,10,105,12,London
2019-11-01,16,10,0.0,3.7,3,24,11:50 AM,07:47 PM,06:53 AM,04:34 PM,11,13,14,13,19,97,88,4.4,1001,16,6,189,13,London
2019-11-02,13,6,0.0,5.3,3,31,12:43 PM,08:43 PM,06:55 AM,04:32 PM,5,9,12,9,38,78,65,3.2,985,13,10,225,29,London
2019-11-03,13,9,0.0,3.6,3,39,01:27 PM,09:45 PM,06:57 AM,04:30 PM,6,8,10,8,23,83,73,7.0,981,13,9,233,18,London
2019-11-04,13,9,0.0,7.0,3,46,02:00 PM,10:50 PM,06:59 AM,04:28 PM,6,9,11,9,16,58,73,4.9,983,13,9,199,12,London
2019-11-05,11,8,0.0,5.2,2,54,02:27 PM,11:56 PM,07:00 AM,04:27 PM,6,8,10,8,17,71,80,0.3,996,11,9,150,13,London
2019-11-06,10,7,0.0,7.0,3,61,02:49 PM,No moonset,07:02 AM,04:25 PM,3,7,8,7,15,59,71,0.1,1005,10,10,225,11,London
2019-11-07,10,7,0.0,8.7,2,69,03:08 PM,01:03 AM,07:04 AM,04:23 PM,3,6,9,6,19,42,68,8.1,995,10,9,213,15,London
2019-11-08,10,6,0.0,6.9,2,76,03:26 PM,02:09 AM,07:06 AM,04:22 PM,4,7,8,7,9,35,75,0.2,1004,10,10,100,7,London
2019-11-09,7,1,0.0,5.2,2,84,03:42 PM,03:16 AM,07:08 AM,04:20 PM,2,4,6,4,16,65,75,2.1,1006,7,9,212,13,London
2019-11-10,10,7,0.0,6.9,2,91,03:59 PM,04:23 AM,07:09 AM,04:19 PM,3,6,8,6,13,60,73,10.8,1011,10,9,49,10,London
2019-11-11,9,6,0.0,3.4,2,99,04:18 PM,05:31 AM,07:11 AM,04:17 PM,2,4,8,4,27,84,70,0.9,1003,9,9,250,20,London
2019-11-12,8,1,0.0,6.9,2,100,04:40 PM,06:41 AM,07:13 AM,04:16 PM,1,2,6,2,31,52,68,1.5,1001,8,9,268,22,London
2019-11-13,8,2,0.0,5.1,2,86,05:06 PM,07:53 AM,07:15 AM,04:14 PM,3,4,6,4,16,58,75,0.6,998,8,9,227,12,London
2019-11-14,9,6,0.0,8.7,2,78,05:39 PM,09:04 AM,07:16 AM,04:13 PM,3,6,7,6,9,45,73,6.1,994,9,9,171,7,London
2019-11-15,9,2,0.0,3.3,2,71,06:21 PM,10:12 AM,07:18 AM,04:11 PM,4,4,7,4,30,91,77,6.0,1005,9,9,21,21,London
2019-11-16,9,6,0.0,6.9,2,63,07:15 PM,11:14 AM,07:20 AM,04:10 PM,3,6,7,6,7,60,73,1.0,1006,9,10,114,6,London
2019-11-17,8,5,0.0,3.3,2,56,08:19 PM,12:07 PM,07:22 AM,04:09 PM,3,6,7,6,7,81,78,0.6,1012,8,10,257,5,London
2019-11-18,8,-2,0.0,6.9,2,48,09:32 PM,12:50 PM,07:23 AM,04:07 PM,4,4,6,4,16,41,79,0.2,1014,8,8,263,12,London
2019-11-19,9,-0,0.0,6.9,2,41,10:51 PM,01:24 PM,07:25 AM,04:06 PM,2,5,7,5,10,36,70,0.1,1014,9,10,201,8,London
2019-11-20,7,5,0.0,6.9,2,33,No moonrise,01:52 PM,07:27 AM,04:05 PM,1,3,6,3,20,40,72,0.0,1013,7,10,136,14,London
2019-11-21,9,5,0.0,3.3,2,26,12:11 AM,02:15 PM,07:28 AM,04:04 PM,4,4,7,4,24,92,83,2.4,1003,9,7,137,16,London
2019-11-22,10,8,0.0,3.3,2,18,01:33 AM,02:37 PM,07:30 AM,04:03 PM,6,7,9,7,23,91,81,7.1,997,10,10,141,15,London
2019-11-23,10,3,0.0,3.3,2,10,02:55 AM,02:58 PM,07:32 AM,04:02 PM,7,7,10,7,24,92,83,5.3,994,10,7,109,16,London
2019-11-24,11,7,0.0,5.1,2,3,04:17 AM,03:20 PM,07:33 AM,04:01 PM,8,9,9,9,8,64,89,0.2,1003,11,9,138,5,London
2019-11-25,12,10,0.0,3.2,3,0,05:41 AM,03:45 PM,07:35 AM,04:00 PM,9,9,11,9,20,88,91,8.0,1002,12,6,170,13,London
2019-11-26,13,9,0.0,3.1,3,0,07:02 AM,04:13 PM,07:36 AM,03:59 PM,8,9,11,9,19,87,87,9.7,996,13,6,187,12,London
2019-11-27,11,9,0.0,3.1,3,0,08:20 AM,04:49 PM,07:38 AM,03:58 PM,7,7,10,7,38,100,78,12.3,981,11,7,216,27,London
2019-11-28,10,8,0.0,3.1,2,4,09:32 AM,05:34 PM,07:39 AM,03:57 PM,7,7,9,7,18,91,83,0.4,996,10,10,279,13,London
2019-11-29,9,2,0.0,6.8,2,12,10:32 AM,06:27 PM,07:41 AM,03:57 PM,1,5,7,5,14,52,67,3.2,1013,9,8,13,11,London
2019-11-30,9,4,0.0,8.1,3,20,11:22 AM,07:28 PM,07:42 AM,03:56 PM,2,4,6,4,14,22,76,0.0,1021,9,10,90,10,London
2019-12-01,7,5,0.0,6.8,2,26,12:00 PM,08:33 PM,07:44 AM,03:55 PM,1,3,6,3,23,37,71,0.0,1023,7,10,34,16,London
2019-12-02,7,-1,0.0,8.1,2,33,12:30 PM,09:40 PM,07:45 AM,03:55 PM,1,2,5,2,10,16,75,0.0,1031,7,10,323,8,London
2019-12-03,8,4,0.0,8.1,3,41,12:54 PM,10:47 PM,07:46 AM,03:54 PM,3,5,6,5,7,11,82,0.0,1028,8,10,219,5,London
2019-12-04,10,5,0.0,8.1,3,48,01:14 PM,11:54 PM,07:48 AM,03:53 PM,4,6,7,6,5,10,86,0.0,1021,10,10,213,3,London
2019-12-05,8,2,0.0,8.0,2,55,01:32 PM,No moonset,07:49 AM,03:53 PM,3,3,5,3,20,44,85,0.0,1020,8,10,236,13,London
2019-12-06,12,9,0.0,3.0,3,62,01:49 PM,01:00 AM,07:50 AM,03:53 PM,8,8,11,8,37,83,83,2.5,1007,12,8,243,23,London
2019-12-07,10,7,0.0,6.8,2,70,02:05 PM,02:07 AM,07:51 AM,03:52 PM,6,6,8,6,23,44,82,0.0,1012,10,10,247,15,London
2019-12-08,12,8,0.0,4.9,2,77,02:23 PM,03:15 AM,07:52 AM,03:52 PM,5,6,9,6,42,85,74,5.4,1000,12,10,240,29,London
2019-12-09,8,6,0.0,6.8,2,84,02:43 PM,04:24 AM,07:54 AM,03:52 PM,0,3,7,3,39,49,62,1.9,1007,8,10,294,28,London
2019-12-10,9,-1,0.0,3.0,2,92,03:07 PM,05:35 AM,07:55 AM,03:52 PM,4,3,7,3,32,64,80,7.6,1016,9,9,215,21,London
2019-12-11,8,0,0.0,6.8,2,99,03:37 PM,06:47 AM,07:56 AM,03:51 PM,2,4,6,4,22,39,71,5.0,1005,8,10,241,16,London
2019-12-12,7,-3,0.0,3.0,2,100,04:16 PM,07:59 AM,07:57 AM,03:51 PM,2,1,5,1,28,64,77,8.3,991,7,9,209,20,London
2019-12-13,7,6,0.0,3.0,2,87,05:06 PM,09:06 AM,07:58 AM,03:51 PM,2,3,7,3,34,89,74,9.8,981,7,9,268,25,London
2019-12-14,7,0,0.0,7.9,3,79,06:08 PM,10:03 AM,07:59 AM,03:51 PM,1,3,6,3,33,55,71,3.2,989,7,10,237,23,London
2019-12-15,8,3,0.0,3.0,2,72,07:21 PM,10:50 AM,07:59 AM,03:51 PM,1,3,7,3,35,68,64,3.1,995,8,10,228,24,London
2019-12-16,9,8,0.0,2.8,2,65,08:39 PM,11:28 AM,08:00 AM,03:52 PM,4,6,8,6,16,100,78,2.1,998,9,9,198,10,London
2019-12-17,7,0,0.0,6.7,2,58,10:00 PM,11:57 AM,08:01 AM,03:52 PM,3,5,6,5,6,54,78,0.0,1003,7,10,262,4,London
2019-12-18,8,2,0.0,7.5,2,50,11:21 PM,12:22 PM,08:02 AM,03:52 PM,5,5,7,5,18,42,88,0.0,1009,8,10,159,11,London
2019-12-19,12,3,0.0,2.8,3,43,No moonrise,12:43 PM,08:02 AM,03:52 PM,9,8,10,8,35,100,85,14.3,998,12,7,175,23,London
2019-12-20,9,8,0.0,2.8,2,36,12:41 AM,01:04 PM,08:03 AM,03:53 PM,6,7,9,7,16,72,83,11.1,984,9,9,213,12,London
2019-12-21,10,3,0.0,2.8,2,28,02:01 AM,01:25 PM,08:04 AM,03:53 PM,6,6,8,6,26,86,80,7.7,981,10,9,186,18,London
2019-12-22,9,7,0.0,2.8,2,21,03:21 AM,01:47 PM,08:04 AM,03:54 PM,5,6,8,6,22,74,81,3.4,983,9,10,264,16,London
2019-12-23,9,7,0.0,7.5,2,14,04:40 AM,02:13 PM,08:04 AM,03:54 PM,4,5,8,5,27,43,76,0.0,1005,9,10,251,18,London
2019-12-24,11,7,0.0,6.7,2,7,05:59 AM,02:45 PM,08:05 AM,03:55 PM,6,6,9,6,28,71,80,0.9,1007,11,9,236,18,London
2019-12-25,8,6,0.0,7.5,3,0,07:13 AM,03:25 PM,08:05 AM,03:56 PM,3,5,7,5,13,16,78,0.0,1022,8,10,263,10,London
2019-12-26,10,4,0.0,4.8,2,0,08:18 AM,04:13 PM,08:06 AM,03:56 PM,6,5,8,5,23,80,85,10.7,1018,10,9,195,15,London
2019-12-27,8,6,0.0,7.5,2,0,09:13 AM,05:11 PM,08:06 AM,03:57 PM,6,7,7,7,8,53,92,1.3,1028,8,7,192,5,London
2019-12-28,9,6,0.0,7.5,2,8,09:56 AM,06:15 PM,08:06 AM,03:58 PM,6,6,7,6,10,44,92,0.0,1036,9,6,169,6,London
2019-12-29,9,3,0.0,7.5,3,15,10:30 AM,07:23 PM,08:06 AM,03:59 PM,4,5,7,5,12,24,80,0.0,1034,9,9,188,8,London
2019-12-30,11,7,0.0,7.9,3,22,10:57 AM,08:30 PM,08:06 AM,04:00 PM,6,8,9,8,12,1,80,0.0,1029,11,10,218,10,London
2019-12-31,9,6,0.0,3.0,2,26,11:19 AM,09:38 PM,08:06 AM,04:01 PM,7,6,8,6,14,67,94,0.0,1032,9,7,135,9,London
2020-01-01,11,6,0.0,8.0,2,37,11:37 AM,10:44 PM,08:06 AM,04:01 PM,4,7,8,7,7,14,80,0.0,1030,11,8,155,6,London
2020-01-02,10,3,0.0,3.0,2,44,11:54 AM,11:51 PM,08:06 AM,04:03 PM,6,6,8,6,24,90,88,0.0,1021,10,7,198,15,London
2020-01-03,10,6,0.0,6.8,2,51,12:10 PM,No moonset,08:06 AM,04:04 PM,3,5,8,5,25,56,73,0.7,1022,10,9,282,17,London
2020-01-04,8,5,0.0,6.8,2,59,12:27 PM,12:57 AM,08:06 AM,04:05 PM,3,4,6,4,18,32,80,0.0,1034,8,10,264,12,London
2020-01-05,8,3,0.0,3.0,2,66,12:46 PM,02:05 AM,08:05 AM,04:06 PM,3,5,7,5,17,73,78,0.0,1033,8,10,231,11,London
2020-01-06,8,-1,0.0,6.8,2,73,01:08 PM,03:14 AM,08:05 AM,04:07 PM,4,4,6,4,24,70,82,1.2,1023,8,10,213,16,London
2020-01-07,9,1,0.0,6.8,2,80,01:34 PM,04:25 AM,08:05 AM,04:08 PM,6,5,7,5,21,50,86,0.0,1023,9,10,220,14,London
2020-01-08,12,9,0.0,3.0,3,88,02:08 PM,05:38 AM,08:04 AM,04:10 PM,9,10,11,10,17,96,87,2.6,1020,12,10,223,11,London
2020-01-09,13,9,0.0,3.0,3,95,02:53 PM,06:47 AM,08:04 AM,04:11 PM,8,9,11,9,30,89,83,13.3,1007,13,8,211,20,London
2020-01-10,9,3,0.0,8.1,2,100,03:51 PM,07:51 AM,08:03 AM,04:12 PM,3,5,7,5,18,39,75,1.4,1021,9,9,286,14,London
2020-01-11,10,5,0.0,3.0,2,100,05:02 PM,08:44 AM,08:03 AM,04:14 PM,4,5,8,5,33,86,77,0.0,1025,10,10,213,22,London
2020-01-12,11,8,0.0,6.8,3,83,06:20 PM,09:26 AM,08:02 AM,04:15 PM,6,7,10,7,34,57,74,1.0,1017,11,10,233,23,London
2020-01-13,9,1,0.0,3.1,2,76,07:44 PM,10:00 AM,08:01 AM,04:17 PM,4,5,7,5,30,77,76,5.1,1008,9,10,205,21,London
2020-01-14,12,6,0.0,4.9,2,69,09:07 PM,10:26 AM,08:01 AM,04:18 PM,6,7,9,7,40,75,76,6.5,996,12,8,212,27,London
2020-01-15,9,8,0.0,6.8,2,61,10:29 PM,10:49 AM,08:00 AM,04:20 PM,4,6,9,6,29,60,72,21.0,1005,9,8,242,21,London
2020-01-16,11,1,0.0,5.1,2,54,11:50 PM,11:10 AM,07:59 AM,04:21 PM,6,5,8,5,34,69,78,2.8,1014,11,9,181,23,London
2020-01-17,10,-3,0.0,3.2,2,47,No moonrise,11:31 AM,07:58 AM,04:23 PM,5,5,8,5,19,85,78,6.3,1011,10,9,234,14,London
2020-01-18,8,5,0.0,8.7,3,40,01:10 AM,11:52 AM,07:57 AM,04:24 PM,1,3,6,3,17,15,69,0.0,1027,8,10,307,13,London
2020-01-19,9,4,0.0,8.7,3,32,02:28 AM,12:16 PM,07:56 AM,04:26 PM,1,3,6,3,13,7,71,0.0,1042,9,10,349,11,London
2020-01-20,7,3,0.0,8.7,3,25,03:46 AM,12:45 PM,07:55 AM,04:28 PM,-2,5,5,5,4,22,61,0.0,1047,7,10,296,2,London
2020-01-21,6,-3,0.0,6.9,1,18,05:00 AM,01:21 PM,07:54 AM,04:29 PM,1,3,4,3,7,28,75,0.0,1042,6,10,269,5,London
2020-01-22,8,4,0.0,5.1,2,11,06:07 AM,02:06 PM,07:53 AM,04:31 PM,5,5,6,5,7,76,93,0.0,1037,8,5,143,5,London
2020-01-23,7,4,0.0,5.1,2,3,07:05 AM,02:59 PM,07:52 AM,04:33 PM,5,5,6,5,7,91,95,0.0,1031,7,4,71,4,London
2020-01-24,9,6,0.0,5.1,2,0,07:52 AM,04:01 PM,07:51 AM,04:34 PM,4,7,7,7,3,65,84,0.0,1024,9,10,90,2,London
2020-01-25,10,5,0.0,8.7,3,0,08:29 AM,05:07 PM,07:50 AM,04:36 PM,4,5,7,5,10,31,86,0.0,1018,10,9,176,7,London
2020-01-26,9,2,0.0,3.3,2,4,08:58 AM,06:15 PM,07:48 AM,04:38 PM,6,5,8,5,27,93,87,2.9,1009,9,5,193,17,London
2020-01-27,8,6,0.0,3.3,2,11,09:22 AM,07:23 PM,07:47 AM,04:40 PM,4,5,7,5,17,71,83,4.5,1001,8,9,210,11,London
2020-01-28,7,4,0.0,6.9,1,18,09:42 AM,08:30 PM,07:46 AM,04:42 PM,-1,1,5,1,32,59,67,3.3,996,7,9,264,24,London
2020-01-29,8,3,0.0,8.7,3,26,09:59 AM,09:37 PM,07:44 AM,04:43 PM,-0,2,5,2,27,22,68,0.0,1010,8,10,256,18,London
2020-01-30,11,2,0.0,3.4,2,33,10:15 AM,10:42 PM,07:43 AM,04:45 PM,8,6,8,6,22,81,93,0.0,1005,11,6,212,14,London
2020-01-31,12,5,0.0,3.4,3,37,10:32 AM,11:49 PM,07:41 AM,04:47 PM,8,8,10,8,33,91,84,0.3,1006,12,9,235,21,London
2020-02-01,11,7,0.0,3.4,2,49,10:49 AM,No moonset,07:40 AM,04:49 PM,5,7,10,7,33,78,73,1.4,1005,11,8,248,22,London
2020-02-02,12,7,0.0,3.4,3,57,11:09 AM,12:56 AM,07:38 AM,04:51 PM,6,7,9,7,23,95,81,5.6,1008,12,9,214,15,London
2020-02-03,9,6,0.0,5.2,2,64,11:33 AM,02:05 AM,07:37 AM,04:52 PM,2,5,8,5,33,77,65,0.0,1014,9,10,267,23,London
2020-02-04,9,5,0.0,6.9,2,72,12:02 PM,03:16 AM,07:35 AM,04:54 PM,0,3,7,3,32,45,64,0.0,1021,9,10,306,23,London
2020-02-05,9,4,0.0,8.7,3,79,12:41 PM,04:25 AM,07:34 AM,04:56 PM,2,6,7,6,7,24,72,0.0,1036,9,10,251,6,London
2020-02-06,12,5,0.0,8.7,3,87,01:32 PM,05:32 AM,07:32 AM,04:58 PM,4,8,8,8,5,6,76,0.0,1031,12,10,191,4,London
2020-02-07,8,1,0.0,8.7,2,95,02:36 PM,06:30 AM,07:30 AM,05:00 PM,3,4,6,4,18,28,76,0.0,1020,8,10,151,14,London
2020-02-08,10,7,0.0,5.3,2,100,03:52 PM,07:18 AM,07:28 AM,05:02 PM,4,6,9,6,25,68,72,0.1,1015,10,10,224,17,London
2020-02-09,14,9,0.0,3.7,3,100,05:16 PM,07:56 AM,07:27 AM,05:04 PM,7,7,11,7,60,98,75,10.3,998,14,9,224,42,London
2020-02-10,7,5,0.0,5.4,2,83,06:42 PM,08:26 AM,07:25 AM,05:05 PM,-0,2,7,2,50,59,62,3.6,998,7,10,263,38,London
2020-02-11,7,4,0.0,8.7,3,75,08:08 PM,08:51 AM,07:23 AM,05:07 PM,-5,-0,5,-0,45,20,48,0.0,1009,7,10,267,32,London
2020-02-12,8,0,0.0,7.0,2,68,09:33 PM,09:14 AM,07:21 AM,05:09 PM,-2,1,5,1,29,49,61,0.1,1014,8,10,249,20,London
2020-02-13,9,6,0.0,5.4,2,60,10:56 PM,09:35 AM,07:19 AM,05:11 PM,3,4,7,4,29,85,78,10.8,998,9,8,241,21,London
2020-02-14,11,5,0.0,5.4,2,53,No moonrise,09:57 AM,07:18 AM,05:13 PM,5,5,8,5,21,58,83,0.4,1016,11,9,227,14,London
2020-02-15,14,11,0.0,3.7,3,45,12:17 AM,10:20 AM,07:16 AM,05:15 PM,9,9,12,9,45,100,82,4.7,1009,14,8,210,31,London
2020-02-16,14,8,0.0,3.8,3,38,01:37 AM,10:48 AM,07:14 AM,05:16 PM,6,8,12,8,55,82,71,15.8,997,14,6,235,40,London
2020-02-17,10,7,0.0,7.1,2,30,02:52 AM,11:22 AM,07:12 AM,05:18 PM,-0,4,8,4,40,41,57,0.0,1011,10,10,244,28,London
2020-02-18,9,5,0.0,5.4,2,22,04:01 AM,12:03 PM,07:10 AM,05:20 PM,1,3,7,3,33,64,67,3.7,1019,9,9,248,23,London
2020-02-19,7,-2,0.0,3.8,2,15,05:01 AM,12:53 PM,07:08 AM,05:22 PM,1,1,5,1,31,72,71,0.2,1019,7,10,252,21,London
2020-02-20,10,-1,0.0,3.8,2,7,05:51 AM,01:52 PM,07:06 AM,05:24 PM,3,4,8,4,40,81,71,10.1,1011,10,10,243,27,London
2020-02-21,10,3,0.0,5.5,2,0,06:30 AM,02:56 PM,07:04 AM,05:26 PM,1,3,7,3,36,60,67,0.0,1023,10,10,242,25,London
2020-02-22,12,8,0.0,3.8,3,0,07:01 AM,04:03 PM,07:02 AM,05:27 PM,4,7,10,7,46,86,67,0.3,1018,12,9,250,32,London
2020-02-23,14,7,0.0,3.9,3,0,07:26 AM,05:11 PM,07:00 AM,05:29 PM,5,8,10,8,37,88,72,3.3,1018,14,6,271,25,London
2020-02-24,11,7,0.0,4.0,3,0,07:47 AM,06:19 PM,06:57 AM,05:31 PM,5,6,9,6,36,88,76,10.5,1011,11,7,220,25,London
2020-02-25,8,4,0.0,5.6,2,8,08:05 AM,07:26 PM,06:55 AM,05:33 PM,-1,2,6,2,32,53,62,0.7,1001,8,9,263,25,London
2020-02-26,7,3,0.0,5.6,2,15,08:21 AM,08:31 PM,06:53 AM,05:35 PM,-3,0,5,0,32,62,60,0.3,1004,7,10,287,24,London
2020-02-27,5,3,0.0,4.1,1,23,08:37 AM,09:38 PM,06:51 AM,05:36 PM,1,2,4,2,12,82,80,1.9,1005,5,10,209,9,London
2020-02-28,9,3,0.0,4.1,2,30,08:54 AM,10:44 PM,06:49 AM,05:38 PM,3,3,6,3,25,79,82,5.7,1005,9,8,199,16,London
2020-02-29,9,5,0.0,4.1,2,38,09:12 AM,11:52 PM,06:47 AM,05:40 PM,1,4,8,4,42,84,62,8.0,986,9,8,228,32,London
2020-03-01,9,5,0.0,7.2,2,44,09:34 AM,No moonset,06:45 AM,05:42 PM,-2,2,6,2,33,59,58,0.2,988,9,10,238,25,London
2020-03-02,8,4,0.0,7.2,2,51,09:59 AM,01:00 AM,06:42 AM,05:43 PM,-1,2,6,2,25,73,64,4.4,988,8,10,252,20,London
2020-03-03,9,4,0.0,8.7,2,58,10:33 AM,02:09 AM,06:40 AM,05:45 PM,-1,3,6,3,22,34,60,0.1,1002,9,10,268,17,London
2020-03-04,8,0,0.0,5.7,2,65,11:17 AM,03:15 AM,06:38 AM,05:47 PM,2,3,5,3,17,74,73,1.4,1007,8,10,204,13,London
2020-03-05,7,5,0.0,4.2,2,73,12:12 PM,04:15 AM,06:36 AM,05:49 PM,5,4,7,4,24,96,88,26.8,992,7,7,162,18,London
2020-03-06,8,3,0.0,5.7,2,80,01:22 PM,05:07 AM,06:34 AM,05:50 PM,0,3,6,3,17,38,70,0.3,1003,8,10,309,13,London
2020-03-07,11,4,0.0,4.2,2,87,02:41 PM,05:49 AM,06:31 AM,05:52 PM,3,5,7,5,20,65,76,0.1,1015,11,10,243,14,London
2020-03-08,12,7,0.0,4.2,2,95,04:07 PM,06:22 AM,06:29 AM,05:54 PM,4,6,9,6,36,72,68,3.2,1006,12,10,239,26,London
2020-03-09,10,6,0.0,4.2,2,100,05:35 PM,06:50 AM,06:27 AM,05:56 PM,2,4,8,4,28,79,68,0.9,1012,10,10,259,20,London
2020-03-10,14,10,0.0,4.2,3,100,07:03 PM,07:14 AM,06:25 AM,05:57 PM,10,10,13,10,41,100,82,1.5,1006,14,9,248,27,London
2020-03-11,13,10,0.0,4.3,3,84,08:30 PM,07:36 AM,06:22 AM,05:59 PM,6,9,12,9,38,85,66,1.0,1009,13,10,243,28,London
2020-03-12,9,5,0.0,7.3,2,76,09:56 PM,07:58 AM,06:20 AM,06:01 PM,-1,3,7,3,40,68,57,0.4,1010,9,10,254,30,London
2020-03-13,10,6,0.0,7.3,2,69,11:20 PM,08:21 AM,06:18 AM,06:02 PM,1,5,8,5,22,63,62,0.0,1018,10,10,260,16,London
2020-03-14,12,7,0.0,5.9,2,62,No moonrise,08:48 AM,06:16 AM,06:04 PM,5,7,9,7,23,90,75,2.5,1014,12,9,193,17,London
2020-03-15,10,8,0.0,7.4,2,55,12:40 AM,09:20 AM,06:13 AM,06:06 PM,5,6,9,6,32,80,74,0.2,1007,10,10,216,22,London
2020-03-16,15,7,0.0,11.6,4,47,01:54 AM,09:59 AM,06:11 AM,06:07 PM,2,9,10,9,10,7,56,0.0,1021,15,10,304,9,London
2020-03-17,13,7,0.0,11.6,4,40,02:58 AM,10:48 AM,06:09 AM,06:09 PM,2,7,9,7,22,28,61,0.0,1027,13,10,225,16,London
2020-03-18,15,8,0.0,7.4,3,33,03:51 AM,11:45 AM,06:07 AM,06:11 PM,7,9,11,9,24,68,78,0.0,1024,15,10,229,18,London
2020-03-19,9,6,0.0,6.0,2,25,04:33 AM,12:47 PM,06:04 AM,06:12 PM,6,6,8,6,13,100,84,1.3,1025,9,8,74,10,London
2020-03-20,9,5,0.0,7.4,2,18,05:06 AM,01:54 PM,06:02 AM,06:14 PM,2,3,6,3,27,85,73,0.7,1028,9,7,53,20,London
2020-03-21,10,5,0.0,12.2,3,11,05:32 AM,03:02 PM,06:00 AM,06:16 PM,-0,3,7,3,31,14,60,0.0,1028,10,10,76,23,London
2020-03-22,8,3,0.0,12.6,3,4,05:53 AM,04:09 PM,05:58 AM,06:17 PM,-2,3,7,3,25,0,53,0.0,1027,8,10,81,20,London
2020-03-23,11,5,0.0,12.6,3,0,06:11 AM,05:16 PM,05:56 AM,06:19 PM,-4,5,8,5,19,4,44,0.0,1028,11,10,111,16,London
2020-03-24,13,4,0.0,12.7,3,0,06:28 AM,06:22 PM,05:53 AM,06:21 PM,-3,6,8,6,18,8,47,0.0,1026,13,10,144,14,London
2020-03-25,14,7,0.0,12.7,4,3,06:44 AM,07:29 PM,05:51 AM,06:22 PM,-2,8,10,8,12,1,46,0.0,1025,14,10,114,10,London
2020-03-26,11,4,0.0,11.9,2,11,07:00 AM,08:35 PM,05:49 AM,06:24 PM,-2,5,7,5,17,46,54,0.0,1023,11,10,47,14,London
2020-03-27,13,6,0.0,12.8,3,18,07:17 AM,09:43 PM,05:47 AM,06:26 PM,2,6,9,6,20,5,63,0.0,1023,13,10,39,16,London
2020-03-28,12,5,0.0,11.9,2,25,07:37 AM,10:51 PM,05:44 AM,06:28 PM,1,4,8,4,32,42,63,0.1,1029,12,10,35,24,London
2020-03-29,8,3,0.0,10.6,2,32,08:01 AM,11:59 PM,05:42 AM,06:29 PM,-4,1,5,1,35,49,52,0.3,1038,8,10,31,26,London
2020-03-30,9,2,0.0,8.1,2,40,08:30 AM,No moonset,05:40 AM,06:31 PM,0,1,5,1,24,81,71,1.0,1034,9,10,60,18,London
2020-03-31,12,4,0.0,13.0,3,44,09:09 AM,01:06 AM,05:37 AM,06:33 PM,-1,4,7,4,20,26,59,0.0,1032,12,10,58,15,London
2020-04-01,12,5,0.0,11.9,2,56,09:59 AM,02:07 AM,05:35 AM,06:34 PM,-0,7,9,7,9,37,54,0.0,1024,12,10,217,8,London
2020-04-02,12,5,0.0,8.1,2,64,11:00 AM,03:00 AM,05:33 AM,06:36 PM,3,6,8,6,17,74,67,0.3,1017,12,10,289,13,London
2020-04-03,10,6,0.0,13.1,2,71,12:13 PM,03:45 AM,05:31 AM,06:38 PM,-0,6,8,6,12,39,57,0.0,1018,10,10,306,10,London
2020-04-04,15,7,0.0,13.1,4,79,01:35 PM,04:20 AM,05:28 AM,06:39 PM,4,10,11,10,12,12,63,0.0,1020,15,10,167,10,London
2020-04-05,18,9,0.0,13.2,4,87,03:00 PM,04:49 AM,05:26 AM,06:41 PM,6,12,14,12,26,2,62,0.0,1014,18,10,162,20,London
2020-04-06,17,12,0.0,12.0,3,94,04:27 PM,05:14 AM,05:24 AM,06:43 PM,7,14,14,14,18,52,65,2.1,1018,17,10,240,13,London
2020-04-07,20,10,0.0,13.2,5,100,05:55 PM,05:36 AM,05:22 AM,06:44 PM,6,15,15,15,6,5,57,0.0,1030,20,10,192,5,London
2020-04-08,21,12,0.0,10.8,4,100,07:23 PM,05:57 AM,05:19 AM,06:46 PM,8,16,16,16,9,69,60,1.4,1024,21,10,145,7,London
2020-04-09,19,12,0.0,13.3,5,83,08:50 PM,06:19 AM,05:17 AM,06:48 PM,9,15,15,15,13,39,67,0.1,1026,19,10,81,11,London
2020-04-10,22,12,0.0,13.3,5,76,10:16 PM,06:45 AM,05:15 AM,06:49 PM,9,16,17,16,13,11,62,0.0,1025,22,10,99,11,London
2020-04-11,24,13,0.0,13.4,5,68,11:37 PM,07:15 AM,05:13 AM,06:51 PM,8,18,19,18,7,32,55,0.1,1022,24,10,180,5,London
2020-04-12,21,14,0.0,10.8,4,61,No moonrise,07:52 AM,05:11 AM,06:53 PM,9,17,17,17,12,50,61,2.3,1014,21,10,206,10,London
2020-04-13,11,6,0.0,13.3,2,53,12:48 AM,08:38 AM,05:08 AM,06:55 PM,2,6,9,6,29,34,59,1.1,1025,11,10,52,24,London
2020-04-14,16,4,0.0,13.5,4,46,01:48 AM,09:34 AM,05:06 AM,06:56 PM,0,8,9,8,13,8,54,0.0,1029,16,10,68,11,London
2020-04-15,16,8,0.0,13.5,4,38,02:34 AM,10:36 AM,05:04 AM,06:58 PM,1,11,12,11,10,9,50,0.0,1024,16,10,100,9,London
2020-04-16,23,12,0.0,14.0,5,30,03:10 AM,11:44 AM,05:02 AM,07:00 PM,6,17,17,17,8,6,56,0.0,1017,23,10,94,7,London
2020-04-17,15,10,0.0,11.1,3,23,03:38 AM,12:51 PM,05:00 AM,07:01 PM,7,10,11,10,20,61,76,10.4,1016,15,9,75,16,London
2020-04-18,14,9,0.0,9.0,3,15,04:01 AM,02:00 PM,04:58 AM,07:03 PM,7,9,11,9,17,98,74,0.4,1017,14,10,62,13,London
2020-04-19,17,8,0.0,13.4,3,8,04:19 AM,03:07 PM,04:55 AM,07:05 PM,6,11,12,11,15,43,69,0.0,1019,17,10,49,12,London
2020-04-20,14,9,0.0,14.5,4,0,04:36 AM,04:13 PM,04:53 AM,07:06 PM,3,9,12,9,32,1,55,0.0,1018,14,10,69,24,London
2020-04-21,15,9,0.0,14.5,4,0,04:51 AM,05:20 PM,04:51 AM,07:08 PM,3,10,12,10,32,5,54,0.0,1017,15,10,68,23,London
2020-04-22,17,10,0.0,14.5,4,0,05:07 AM,06:26 PM,04:49 AM,07:10 PM,5,12,13,12,24,1,59,0.0,1020,17,10,62,19,London
2020-04-23,20,12,0.0,13.4,4,0,05:24 AM,07:34 PM,04:47 AM,07:11 PM,7,15,15,15,14,30,61,0.0,1021,20,10,65,12,London
2020-04-24,19,11,0.0,14.5,5,7,05:42 AM,08:43 PM,04:45 AM,07:13 PM,6,15,15,15,10,32,57,0.0,1016,19,10,44,9,London
2020-04-25,19,10,0.0,14.5,5,15,06:04 AM,09:52 PM,04:43 AM,07:15 PM,4,14,14,14,12,19,52,0.0,1015,19,10,90,11,London
2020-04-26,22,14,0.0,14.5,5,22,06:32 AM,11:00 PM,04:41 AM,07:16 PM,7,17,17,17,9,8,54,0.0,1011,22,10,193,7,London
2020-04-27,17,12,0.0,9.2,4,30,07:07 AM,No moonset,04:39 AM,07:18 PM,7,14,14,14,10,72,63,0.5,1007,17,10,220,9,London
2020-04-28,10,9,0.0,9.3,2,37,07:52 AM,12:03 AM,04:37 AM,07:20 PM,7,8,10,8,16,100,83,27.3,1006,10,7,69,13,London
2020-04-29,13,5,0.0,9.3,3,45,08:49 AM,12:58 AM,04:35 AM,07:21 PM,6,9,10,9,14,86,72,3.2,1002,13,10,237,12,London
2020-04-30,13,8,0.0,9.3,3,52,09:57 AM,01:44 AM,04:33 AM,07:23 PM,4,8,11,8,32,90,64,5.8,996,13,10,225,25,London
2020-05-01,16,8,0.0,9.3,3,58,11:13 AM,02:21 AM,04:31 AM,07:25 PM,4,9,11,9,26,64,63,1.6,999,16,10,259,20,London
2020-05-02,17,8,0.0,14.5,4,65,12:34 PM,02:51 AM,04:29 AM,07:26 PM,4,11,12,11,18,30,59,0.0,1009,17,10,281,15,London
2020-05-03,14,5,0.0,10.4,3,72,01:58 PM,03:16 AM,04:28 AM,07:28 PM,7,11,12,11,7,87,70,1.5,1015,14,10,170,5,London
2020-05-04,18,11,0.0,10.4,4,80,03:23 PM,03:38 AM,04:26 AM,07:30 PM,6,13,14,13,14,73,61,0.9,1019,18,9,48,12,London
2020-05-05,15,9,0.0,14.5,4,87,04:49 PM,03:59 AM,04:24 AM,07:31 PM,3,9,12,9,25,8,56,0.0,1022,15,10,81,20,London
2020-05-06,18,8,0.0,14.5,4,94,06:16 PM,04:19 AM,04:22 AM,07:33 PM,4,12,13,12,16,3,59,0.0,1025,18,10,80,13,London
2020-05-07,19,13,0.0,12.5,4,100,07:44 PM,04:42 AM,04:21 AM,07:34 PM,8,16,16,16,9,28,60,0.0,1024,19,10,155,8,London
2020-05-08,23,13,0.0,11.5,4,100,09:09 PM,05:10 AM,04:19 AM,07:36 PM,9,18,19,18,7,59,58,0.6,1019,23,10,234,6,London
2020-05-09,22,15,0.0,14.5,5,84,10:27 PM,05:44 AM,04:17 AM,07:38 PM,8,18,19,18,12,19,51,0.0,1013,22,10,87,10,London
2020-05-10,16,8,0.0,11.5,3,77,11:36 PM,06:26 AM,04:16 AM,07:39 PM,5,11,13,11,26,69,61,0.0,1010,16,10,30,22,London
2020-05-11,12,6,0.0,12.5,2,70,No moonrise,07:19 AM,04:14 AM,07:41 PM,-2,4,8,4,34,38,48,0.0,1019,12,10,32,28,London
2020-05-12,14,7,0.0,12.5,3,62,12:29 AM,08:20 AM,04:12 AM,07:42 PM,1,9,10,9,14,32,52,0.1,1022,14,10,172,12,London
2020-05-13,13,6,0.0,10.6,3,55,01:11 AM,09:28 AM,04:11 AM,07:44 PM,2,8,10,8,20,59,58,0.7,1017,13,10,63,16,London
2020-05-14,13,5,0.0,12.5,3,48,01:43 AM,10:37 AM,04:09 AM,07:45 PM,0,7,10,7,20,30,54,0.0,1021,13,10,37,17,London
2020-05-15,16,10,0.0,13.5,3,40,02:07 AM,11:47 AM,04:08 AM,07:47 PM,4,13,13,13,8,39,53,0.0,1024,16,10,226,7,London
2020-05-16,17,10,0.0,14.5,5,33,02:26 AM,12:55 PM,04:06 AM,07:48 PM,4,14,14,14,9,43,53,0.0,1025,17,10,308,8,London
2020-05-17,20,11,0.0,14.5,5,26,02:43 AM,02:02 PM,04:05 AM,07:50 PM,6,14,15,14,15,35,58,0.0,1021,20,10,237,12,London
2020-05-18,22,12,0.0,14.5,5,19,02:59 AM,03:09 PM,04:04 AM,07:51 PM,6,17,18,17,17,14,50,0.0,1024,22,10,264,14,London
2020-05-19,24,14,0.0,13.5,4,11,03:15 AM,04:15 PM,04:02 AM,07:53 PM,10,18,19,18,13,37,60,0.0,1023,24,10,281,10,London
2020-05-20,27,17,0.0,14.5,6,4,03:31 AM,05:23 PM,04:01 AM,07:54 PM,13,23,23,22,9,7,59,0.0,1022,27,10,224,7,London
2020-05-21,27,16,0.0,10.7,5,0,03:48 AM,06:32 PM,04:00 AM,07:55 PM,11,21,22,21,9,59,56,5.3,1020,27,10,222,7,London
2020-05-22,19,15,0.0,12.7,4,0,04:09 AM,07:42 PM,03:59 AM,07:57 PM,8,17,17,17,26,61,55,0.3,1017,19,10,229,21,London
2020-05-23,18,12,0.0,13.6,4,3,04:34 AM,08:51 PM,03:57 AM,07:58 PM,5,14,15,14,33,41,54,0.3,1023,18,10,252,26,London
2020-05-24,21,11,0.0,12.7,4,10,05:07 AM,09:57 PM,03:56 AM,07:59 PM,8,15,16,15,20,59,60,0.9,1031,21,10,288,16,London
2020-05-25,25,15,0.0,14.5,6,17,05:49 AM,10:56 PM,03:55 AM,08:01 PM,9,21,21,20,9,12,51,0.0,1035,25,10,293,8,London
2020-05-26,24,17,0.0,12.8,5,25,06:42 AM,11:45 PM,03:54 AM,08:02 PM,9,20,21,20,9,37,51,0.0,1036,24,10,282,8,London
2020-05-27,22,15,0.0,12.0,4,32,07:48 AM,No moonset,03:53 AM,08:03 PM,11,18,19,18,13,52,61,0.3,1036,22,10,86,11,London
2020-05-28,21,14,0.0,14.5,5,39,09:01 AM,12:25 AM,03:52 AM,08:04 PM,5,17,17,17,15,10,46,0.0,1034,21,10,85,13,London
2020-05-29,20,13,0.0,14.5,5,47,10:19 AM,12:56 AM,03:51 AM,08:05 PM,4,16,17,16,16,5,47,0.0,1029,20,10,85,14,London
2020-05-30,22,13,0.0,14.5,5,54,11:40 AM,01:22 AM,03:50 AM,08:06 PM,8,17,18,17,17,3,55,0.0,1025,22,10,74,15,London
2020-05-31,21,16,0.0,14.5,5,58,01:02 PM,01:44 AM,03:50 AM,08:08 PM,8,18,18,18,21,3,53,0.0,1024,21,10,78,17,London
2020-06-01,22,13,0.0,14.5,5,71,02:24 PM,02:03 AM,03:49 AM,08:09 PM,9,17,18,17,18,9,59,0.0,1023,22,10,60,15,London
2020-06-02,25,14,0.0,13.7,5,79,03:49 PM,02:23 AM,03:48 AM,08:10 PM,10,19,19,19,12,28,56,0.1,1020,25,10,64,11,London
2020-06-03,18,14,0.0,12.9,4,86,05:14 PM,02:44 AM,03:47 AM,08:11 PM,9,16,17,16,15,66,59,0.4,1009,18,10,127,12,London
2020-06-04,14,5,0.0,10.4,3,94,06:39 PM,03:08 AM,03:47 AM,08:12 PM,8,10,12,10,17,92,70,3.1,1003,14,9,252,14,London
2020-06-05,17,11,0.0,12.9,3,100,08:02 PM,03:38 AM,03:46 AM,08:13 PM,4,11,13,11,27,69,56,1.1,997,17,10,287,22,London
2020-06-06,15,6,0.0,11.2,3,100,09:16 PM,04:15 AM,03:46 AM,08:13 PM,4,8,11,8,29,65,61,2.4,998,15,10,271,23,London
2020-06-07,18,11,0.0,12.1,4,84,10:18 PM,05:03 AM,03:45 AM,08:14 PM,7,13,14,13,16,69,65,2.4,1007,18,10,304,13,London
2020-06-08,17,11,0.0,12.9,3,76,11:06 PM,06:02 AM,03:45 AM,08:15 PM,6,12,14,12,17,67,61,0.1,1018,17,10,11,15,London
2020-06-09,17,11,0.0,12.1,4,69,11:43 PM,07:09 AM,03:44 AM,08:16 PM,5,14,15,14,6,75,54,0.0,1020,17,10,52,5,London
2020-06-10,19,14,0.0,12.1,4,61,No moonrise,08:19 AM,03:44 AM,08:17 PM,8,16,16,16,12,75,61,1.6,1016,19,10,211,10,London
2020-06-11,19,12,0.0,10.5,4,54,12:10 AM,09:30 AM,03:43 AM,08:17 PM,11,14,15,14,23,92,76,25.2,1013,19,8,54,17,London
2020-06-12,20,14,0.0,10.5,4,46,12:32 AM,10:40 AM,03:43 AM,08:18 PM,12,16,17,16,28,88,77,2.4,1006,20,10,84,21,London
2020-06-13,23,15,0.0,13.7,5,38,12:50 AM,11:48 AM,03:43 AM,08:18 PM,11,19,19,19,18,39,62,1.2,1009,23,10,132,15,London
2020-06-14,22,13,0.0,12.1,4,31,01:06 AM,12:55 PM,03:43 AM,08:19 PM,12,18,19,18,13,56,66,0.4,1013,22,10,178,11,London
2020-06-15,23,16,0.0,11.3,5,23,01:22 AM,02:02 PM,03:43 AM,08:20 PM,12,20,21,20,9,63,62,3.8,1015,23,10,271,6,London
2020-06-16,24,16,0.0,12.1,5,16,01:37 AM,03:09 PM,03:43 AM,08:20 PM,11,20,21,20,9,62,57,15.8,1014,24,8,182,6,London
2020-06-17,25,17,0.0,12.1,5,8,01:54 AM,04:17 PM,03:43 AM,08:20 PM,12,20,21,20,8,59,60,8.9,1012,25,9,122,6,London
2020-06-18,23,16,0.0,11.3,5,1,02:13 AM,05:27 PM,03:43 AM,08:21 PM,12,19,20,19,16,71,64,14.9,1011,23,9,126,11,London
2020-06-19,19,14,0.0,12.1,4,0,02:36 AM,06:37 PM,03:43 AM,08:21 PM,11,16,17,16,18,56,70,0.4,1014,19,10,220,14,London
2020-06-20,22,14,0.0,12.9,4,0,03:06 AM,07:46 PM,03:43 AM,08:21 PM,11,18,19,18,17,48,63,0.2,1019,22,10,210,14,London
2020-06-21,21,15,0.0,11.3,4,0,03:45 AM,08:48 PM,03:43 AM,08:21 PM,11,18,18,18,23,62,63,1.3,1017,21,10,233,19,London
2020-06-22,21,14,0.0,14.5,5,7,04:35 AM,09:43 PM,03:44 AM,08:22 PM,9,18,18,18,15,19,57,0.0,1025,21,10,233,13,London
2020-06-23,27,16,0.0,14.5,6,14,05:38 AM,10:26 PM,03:44 AM,08:22 PM,12,22,22,22,12,4,54,0.0,1024,27,10,165,10,London
2020-06-24,29,21,0.0,14.5,7,22,06:49 AM,11:00 PM,03:44 AM,08:22 PM,14,26,26,25,14,3,52,0.0,1021,29,10,95,12,London
2020-06-25,29,23,0.0,14.5,7,29,08:08 AM,11:28 PM,03:45 AM,08:22 PM,15,26,26,25,17,2,53,0.0,1017,29,10,97,14,London
2020-06-26,26,20,0.0,13.7,5,37,09:29 AM,11:50 PM,03:45 AM,08:22 PM,15,25,25,23,16,31,60,0.7,1009,26,10,176,14,London
2020-06-27,21,16,0.0,10.5,4,44,10:49 AM,No moonset,03:46 AM,08:22 PM,11,19,19,19,32,72,61,5.9,1006,21,10,216,24,London
2020-06-28,19,13,0.0,11.3,4,52,12:10 PM,12:10 AM,03:46 AM,08:21 PM,8,15,16,15,33,68,60,1.1,1009,19,10,240,25,London
2020-06-29,18,12,0.0,10.5,4,59,01:32 PM,12:29 AM,03:47 AM,08:21 PM,8,14,15,14,33,77,62,0.0,1010,18,10,248,27,London
2020-06-30,19,9,0.0,11.3,4,67,02:54 PM,12:49 AM,03:47 AM,08:21 PM,11,14,16,14,23,72,70,0.8,1007,19,10,238,18,London
2020-07-01,20,9,0.0,12.1,4,72,04:17 PM,01:11 AM,03:48 AM,08:21 PM,11,16,17,16,22,71,67,1.9,1005,20,10,242,17,London
2020-07-02,22,13,0.0,10.4,4,79,05:39 PM,01:37 AM,03:49 AM,08:20 PM,11,17,18,17,19,74,65,2.5,1010,22,10,257,15,London
2020-07-03,21,15,0.0,12.1,4,86,06:56 PM,02:10 AM,03:49 AM,08:20 PM,11,17,17,17,24,69,68,0.0,1016,21,10,246,20,London
2020-07-04,18,11,0.0,10.4,4,94,08:03 PM,02:52 AM,03:50 AM,08:19 PM,15,16,17,16,30,100,84,1.2,1012,18,7,231,22,London
2020-07-05,22,15,0.0,12.9,4,100,08:57 PM,03:46 AM,03:51 AM,08:19 PM,11,19,19,19,35,63,62,0.2,1010,22,10,248,28,London
2020-07-06,21,13,0.0,12.9,4,100,09:39 PM,04:49 AM,03:52 AM,08:18 PM,7,15,16,15,26,43,54,0.1,1018,21,10,296,21,London
2020-07-07,20,13,0.0,12.9,4,85,10:10 PM,05:59 AM,03:53 AM,08:18 PM,8,17,17,17,18,46,55,0.0,1020,20,10,263,15,London
2020-07-08,17,8,0.0,10.4,4,77,10:35 PM,07:11 AM,03:54 AM,08:17 PM,14,15,16,15,15,100,81,5.4,1015,17,5,251,11,London
2020-07-09,21,17,0.0,10.4,4,70,10:55 PM,08:22 AM,03:55 AM,08:16 PM,15,18,18,18,25,100,81,6.2,1012,21,8,238,18,London
2020-07-10,19,14,0.0,12.0,4,63,11:12 PM,09:32 AM,03:56 AM,08:15 PM,8,16,16,16,18,66,61,1.5,1016,19,10,244,16,London
2020-07-11,21,14,0.0,13.7,4,55,11:28 PM,10:40 AM,03:57 AM,08:15 PM,8,17,17,17,16,17,56,0.0,1025,21,10,322,13,London
2020-07-12,25,17,0.0,14.5,6,48,11:43 PM,11:47 AM,03:58 AM,08:14 PM,9,21,21,21,7,11,47,0.0,1028,25,10,138,6,London
2020-07-13,22,16,0.0,12.0,5,41,11:59 PM,12:54 PM,03:59 AM,08:13 PM,10,19,20,19,15,62,55,0.0,1024,22,10,254,13,London
2020-07-14,20,17,0.0,10.1,4,34,No moonrise,02:01 PM,04:00 AM,08:12 PM,11,18,18,18,15,90,64,1.1,1017,20,8,311,13,London
2020-07-15,19,15,0.0,10.1,4,26,12:16 AM,03:10 PM,04:01 AM,08:11 PM,10,17,17,17,11,85,67,0.0,1017,19,10,299,9,London
2020-07-16,21,16,0.0,10.1,4,19,12:38 AM,04:20 PM,04:02 AM,08:10 PM,12,19,19,19,15,90,68,0.1,1019,21,10,307,13,London
2020-07-17,27,18,0.0,14.5,6,12,01:05 AM,05:30 PM,04:04 AM,08:09 PM,14,23,23,22,12,41,61,0.0,1020,27,10,286,10,London
2020-07-18,25,17,0.0,12.7,5,5,01:39 AM,06:35 PM,04:05 AM,08:08 PM,13,21,21,21,14,44,63,0.0,1018,25,10,267,12,London
2020-07-19,20,14,0.0,10.9,4,0,02:24 AM,07:34 PM,04:06 AM,08:06 PM,10,18,18,18,14,77,63,16.2,1018,20,8,116,12,London
2020-07-20,22,14,0.0,13.6,4,0,03:23 AM,08:22 PM,04:07 AM,08:05 PM,8,18,18,18,12,32,55,0.0,1023,22,10,173,10,London
2020-07-21,22,15,0.0,14.5,5,2,04:33 AM,09:00 PM,04:09 AM,08:04 PM,7,18,19,18,12,22,49,0.0,1026,22,10,270,10,London
2020-07-22,23,17,0.0,11.8,5,10,05:51 AM,09:31 PM,04:10 AM,08:03 PM,10,20,21,20,9,46,53,0.0,1024,23,10,217,8,London
2020-07-23,19,11,0.0,12.7,4,17,07:13 AM,09:55 PM,04:11 AM,08:01 PM,9,16,17,16,15,56,55,0.0,1017,19,10,247,12,London
2020-07-24,24,17,0.0,11.8,5,24,08:36 AM,10:16 PM,04:13 AM,08:00 PM,13,20,21,20,11,79,64,1.4,1013,24,10,274,9,London
2020-07-25,21,18,0.0,9.7,5,32,09:59 AM,10:35 PM,04:14 AM,07:59 PM,14,19,20,19,25,87,72,3.7,1008,21,9,225,20,London
2020-07-26,22,15,0.0,13.5,4,39,11:21 AM,10:55 PM,04:16 AM,07:57 PM,11,18,18,18,24,69,65,1.7,1010,22,10,248,19,London
2020-07-27,20,10,0.0,9.6,4,46,12:42 PM,11:16 PM,04:17 AM,07:56 PM,12,16,17,16,29,82,69,0.6,1009,20,9,215,22,London
2020-07-28,21,15,0.0,13.5,4,53,02:04 PM,11:40 PM,04:19 AM,07:54 PM,9,17,17,17,21,28,57,0.0,1013,21,10,278,17,London
2020-07-29,23,14,0.0,14.5,5,61,03:25 PM,No moonset,04:20 AM,07:53 PM,9,18,19,18,14,25,56,0.0,1020,23,10,278,12,London
2020-07-30,28,17,0.0,14.5,6,68,04:42 PM,12:09 AM,04:21 AM,07:51 PM,10,23,23,22,7,21,49,0.0,1021,28,10,162,6,London
2020-07-31,32,22,0.0,13.5,6,72,05:52 PM,12:47 AM,04:23 AM,07:50 PM,14,27,27,26,15,18,48,0.1,1012,32,10,152,13,London
2020-08-01,25,19,0.0,11.5,5,82,06:50 PM,01:36 AM,04:24 AM,07:48 PM,14,23,23,22,18,52,61,0.3,1014,25,10,261,15,London
2020-08-02,22,15,0.0,12.5,4,90,07:36 PM,02:35 AM,04:26 AM,07:46 PM,9,18,19,18,19,42,55,0.3,1016,22,10,282,16,London
2020-08-03,22,16,0.0,12.5,4,97,08:10 PM,03:42 AM,04:27 AM,07:45 PM,8,19,19,19,14,42,52,0.0,1016,22,10,274,11,London
2020-08-04,23,16,0.0,14.5,6,100,08:37 PM,04:53 AM,04:29 AM,07:43 PM,8,19,20,19,13,26,50,0.0,1017,23,10,271,11,London
2020-08-05,25,16,0.0,13.5,5,88,08:59 PM,06:05 AM,04:31 AM,07:41 PM,11,21,21,20,21,42,56,0.0,1014,25,10,214,17,London
2020-08-06,30,19,0.0,14.5,7,81,09:17 PM,07:16 AM,04:32 AM,07:39 PM,13,24,24,24,12,36,54,0.2,1016,30,9,202,10,London
2020-08-07,34,24,0.0,14.5,8,74,09:33 PM,08:25 AM,04:34 AM,07:38 PM,14,29,29,29,9,5,41,0.0,1017,34,10,154,8,London
2020-08-08,33,25,0.0,13.5,6,67,09:48 PM,09:33 AM,04:35 AM,07:36 PM,15,28,28,28,12,27,45,0.3,1018,33,10,73,10,London
2020-08-09,32,21,0.0,12.4,6,59,10:03 PM,10:39 AM,04:37 AM,07:34 PM,17,27,27,26,17,44,57,10.6,1015,32,9,69,12,London
2020-08-10,34,23,0.0,13.5,6,52,10:20 PM,11:47 AM,04:38 AM,07:32 PM,18,29,29,27,13,38,57,3.6,1013,34,10,95,11,London
2020-08-11,34,24,0.0,14.5,6,45,10:39 PM,12:54 PM,04:40 AM,07:30 PM,17,29,29,28,12,19,54,0.0,1014,34,10,84,11,London
2020-08-12,32,24,0.0,12.4,6,38,11:03 PM,02:03 PM,04:42 AM,07:28 PM,18,29,29,28,14,42,55,13.6,1012,32,9,106,10,London
2020-08-13,29,23,0.0,12.4,6,30,11:34 PM,03:12 PM,04:43 AM,07:26 PM,17,27,27,26,11,53,61,6.8,1011,29,10,165,9,London
2020-08-14,25,20,0.0,9.2,5,23,No moonrise,04:19 PM,04:45 AM,07:24 PM,18,22,24,22,13,97,76,13.0,1013,25,9,66,9,London
2020-08-15,25,20,0.0,9.2,5,16,12:13 AM,05:21 PM,04:46 AM,07:22 PM,17,23,23,22,18,97,77,19.3,1013,25,8,39,12,London
2020-08-16,27,20,0.0,10.3,5,8,01:06 AM,06:13 PM,04:48 AM,07:20 PM,15,24,24,23,8,72,65,12.4,1010,27,9,144,6,London
2020-08-17,22,19,0.0,9.2,5,1,02:11 AM,06:56 PM,04:50 AM,07:18 PM,14,20,21,20,15,85,68,5.8,1007,22,10,202,12,London
2020-08-18,24,17,0.0,13.4,5,0,03:27 AM,07:30 PM,04:51 AM,07:16 PM,13,21,21,21,20,55,65,0.4,1009,24,10,235,17,London
2020-08-19,19,10,0.0,10.2,4,0,04:49 AM,07:57 PM,04:53 AM,07:14 PM,16,17,18,17,20,69,83,10.7,1004,19,9,179,14,London
2020-08-20,24,19,0.0,14.5,6,6,06:14 AM,08:19 PM,04:54 AM,07:12 PM,13,21,22,21,29,33,63,0.6,1002,24,10,205,21,London
2020-08-21,22,19,0.0,11.3,5,13,07:40 AM,08:40 PM,04:56 AM,07:10 PM,12,20,21,20,37,43,61,0.1,1005,22,10,212,28,London
2020-08-22,22,17,0.0,11.2,4,20,09:05 AM,08:59 PM,04:58 AM,07:08 PM,11,19,19,19,32,53,61,1.1,1011,22,10,238,25,London
2020-08-23,21,16,0.0,9.0,4,28,10:29 AM,09:20 PM,04:59 AM,07:06 PM,11,18,18,18,25,87,67,2.4,1015,21,10,265,19,London
2020-08-24,20,12,0.0,11.1,4,35,11:53 AM,09:43 PM,05:01 AM,07:03 PM,12,15,16,15,17,71,75,4.8,1015,20,9,244,13,London
2020-08-25,20,17,0.0,8.7,4,42,01:15 PM,10:11 PM,05:02 AM,07:01 PM,13,18,18,18,37,95,73,8.7,1004,20,8,215,28,London
2020-08-26,20,16,0.0,8.5,4,50,02:34 PM,10:46 PM,05:04 AM,06:59 PM,11,18,18,18,33,85,61,1.3,1011,20,10,275,25,London
2020-08-27,19,15,0.0,10.9,4,57,03:45 PM,11:31 PM,05:06 AM,06:57 PM,10,17,17,17,14,77,68,3.2,1013,19,10,239,11,London
2020-08-28,21,14,0.0,10.9,4,64,04:46 PM,No moonset,05:07 AM,06:55 PM,11,17,17,17,19,72,68,15.0,1001,21,9,198,13,London
2020-08-29,17,12,0.0,8.4,3,71,05:35 PM,12:26 AM,05:09 AM,06:52 PM,8,13,14,13,26,89,66,0.2,1009,17,9,350,21,London
2020-08-30,16,13,0.0,10.8,4,79,06:12 PM,01:30 AM,05:11 AM,06:50 PM,8,13,15,13,25,80,64,0.9,1016,16,10,139,19,London
2020-08-31,18,12,0.0,10.8,4,82,06:40 PM,02:40 AM,05:12 AM,06:48 PM,5,15,15,15,7,55,53,0.0,1021,18,10,268,6,London
2020-09-01,20,15,0.0,12.0,4,97,07:03 PM,03:51 AM,05:14 AM,06:46 PM,5,17,17,17,5,55,46,0.0,1020,20,10,125,4,London
2020-09-02,22,15,0.0,13.3,4,100,07:22 PM,05:02 AM,05:15 AM,06:44 PM,8,18,19,18,9,37,52,0.0,1020,22,10,214,8,London
2020-09-03,20,17,0.0,8.3,4,88,07:38 PM,06:12 AM,05:17 AM,06:41 PM,14,18,18,18,26,92,75,0.5,1017,20,9,232,19,London
2020-09-04,20,15,0.0,10.8,4,81,07:54 PM,07:20 AM,05:19 AM,06:39 PM,10,17,17,17,17,57,65,2.3,1020,20,10,263,14,London
2020-09-05,17,13,0.0,10.7,4,73,08:08 PM,08:27 AM,05:20 AM,06:37 PM,8,15,15,15,18,56,63,0.3,1021,17,10,284,15,London
2020-09-06,20,12,0.0,10.7,4,66,08:24 PM,09:35 AM,05:22 AM,06:34 PM,8,16,16,16,10,64,59,0.4,1020,20,10,280,8,London
2020-09-07,23,15,0.0,13.1,5,58,08:42 PM,10:42 AM,05:23 AM,06:32 PM,11,19,19,19,12,29,61,0.0,1023,23,10,261,10,London
2020-09-08,24,16,0.0,8.2,5,50,09:04 PM,11:50 AM,05:25 AM,06:30 PM,15,20,20,20,15,74,75,0.1,1024,24,10,254,12,London
2020-09-09,23,18,0.0,8.1,5,43,09:31 PM,12:58 PM,05:27 AM,06:28 PM,15,20,21,20,18,76,73,2.0,1022,23,10,278,15,London
2020-09-10,24,16,0.0,13.0,5,35,10:05 PM,02:05 PM,05:28 AM,06:25 PM,8,19,19,19,8,8,52,0.0,1023,24,10,132,7,London
2020-09-11,22,15,0.0,12.9,5,28,10:51 PM,03:08 PM,05:30 AM,06:23 PM,9,18,18,18,11,6,59,0.0,1017,22,10,230,10,London
2020-09-12,20,13,0.0,11.9,4,20,11:49 PM,04:03 PM,05:31 AM,06:21 PM,9,16,17,16,15,27,63,0.0,1018,20,10,257,13,London
2020-09-13,27,16,0.0,12.9,6,13,No moonrise,04:49 PM,05:33 AM,06:18 PM,14,22,22,21,13,1,66,0.0,1023,27,10,221,12,London
2020-09-14,29,20,0.0,12.8,7,5,12:59 AM,05:27 PM,05:35 AM,06:16 PM,14,26,26,25,9,1,54,0.0,1021,29,10,117,7,London
2020-09-15,29,20,0.0,12.8,7,0,02:19 AM,05:56 PM,05:36 AM,06:14 PM,14,25,25,24,10,17,53,0.0,1017,29,10,178,8,London
2020-09-16,23,19,0.0,10.6,5,0,03:44 AM,06:20 PM,05:38 AM,06:12 PM,14,21,23,21,14,54,63,0.4,1022,23,10,100,11,London
2020-09-17,21,15,0.0,12.7,5,0,05:10 AM,06:41 PM,05:39 AM,06:09 PM,9,17,17,17,22,16,60,0.0,1027,21,10,61,18,London
2020-09-18,20,14,0.0,12.7,5,2,06:37 AM,07:02 PM,05:41 AM,06:07 PM,8,16,17,16,25,5,59,0.0,1024,20,10,63,20,London
2020-09-19,20,13,0.0,11.9,4,10,08:05 AM,07:22 PM,05:43 AM,06:05 PM,10,17,17,17,27,36,63,0.9,1017,20,10,62,20,London
2020-09-20,23,16,0.0,12.6,5,17,09:32 AM,07:45 PM,05:44 AM,06:02 PM,11,19,20,19,20,42,62,1.0,1018,23,10,55,16,London
2020-09-21,26,15,0.0,12.5,6,25,10:59 AM,08:11 PM,05:46 AM,06:00 PM,11,20,21,20,7,5,57,0.0,1016,26,10,102,6,London
2020-09-22,24,18,0.0,11.6,6,32,12:22 PM,08:44 PM,05:47 AM,05:58 PM,12,21,21,21,14,28,60,0.0,1009,24,10,224,11,London
2020-09-23,18,13,0.0,10.2,4,40,01:39 PM,09:27 PM,05:49 AM,05:56 PM,11,16,16,16,16,74,71,14.6,1002,18,9,245,13,London
2020-09-24,15,11,0.0,6.0,3,47,02:43 PM,10:19 PM,05:51 AM,05:53 PM,4,11,13,11,23,64,56,10.0,997,15,9,225,18,London
2020-09-25,14,9,0.0,8.8,3,55,03:36 PM,11:22 PM,05:52 AM,05:51 PM,4,10,12,10,25,42,57,0.0,1005,14,10,334,20,London
2020-09-26,12,8,0.0,8.8,3,62,04:15 PM,No moonset,05:54 AM,05:49 PM,2,7,10,7,35,69,58,0.0,1010,12,10,333,27,London
2020-09-27,14,11,0.0,6.0,3,70,04:46 PM,12:29 AM,05:55 AM,05:47 PM,7,10,12,10,30,92,69,0.0,1013,14,10,347,23,London
2020-09-28,18,12,0.0,10.2,4,78,05:10 PM,01:41 AM,05:57 AM,05:44 PM,6,14,15,14,12,50,60,0.0,1013,18,10,295,10,London
2020-09-29,18,14,0.0,5.9,4,85,05:29 PM,02:51 AM,05:58 AM,05:42 PM,9,16,16,16,8,75,67,0.0,1015,18,10,292,7,London
2020-09-30,18,13,0.0,7.2,4,93,05:45 PM,04:01 AM,06:00 AM,05:40 PM,11,15,15,15,21,75,76,8.5,1007,18,10,197,16,London
2020-10-01,16,12,0.0,7.2,3,97,06:00 PM,05:10 AM,06:02 AM,05:38 PM,7,13,14,13,15,63,66,10.8,998,16,9,238,13,London
2020-10-02,16,9,0.0,4.2,3,100,06:15 PM,06:17 AM,06:03 AM,05:35 PM,8,12,13,12,29,88,69,6.8,993,16,9,76,22,London
2020-10-03,16,13,0.0,4.2,3,89,06:30 PM,07:24 AM,06:05 AM,05:33 PM,11,13,14,13,22,86,79,25.5,986,16,7,138,16,London
2020-10-04,13,8,0.0,4.2,3,82,06:47 PM,08:31 AM,06:07 AM,05:31 PM,7,9,11,9,29,93,75,14.6,983,13,8,234,23,London
2020-10-05,16,10,0.0,4.2,3,74,07:07 PM,09:40 AM,06:08 AM,05:28 PM,8,11,13,11,21,77,74,1.1,993,16,9,260,17,London
2020-10-06,15,12,0.0,4.2,3,67,07:31 PM,10:48 AM,06:10 AM,05:26 PM,8,12,13,12,30,79,71,3.4,997,15,10,249,22,London
2020-10-07,15,11,0.0,8.7,4,60,08:02 PM,11:55 AM,06:11 AM,05:24 PM,7,11,13,11,25,52,68,0.5,1012,15,9,266,18,London
2020-10-08,18,13,0.0,4.2,4,53,08:42 PM,12:59 PM,06:13 AM,05:22 PM,11,15,16,15,28,83,76,3.5,1012,18,10,257,20,London
2020-10-09,14,11,0.0,7.2,3,45,09:34 PM,01:56 PM,06:15 AM,05:20 PM,6,11,12,11,16,47,68,1.7,1019,14,9,279,13,London
2020-10-10,13,9,0.0,5.7,3,38,10:37 PM,02:45 PM,06:16 AM,05:17 PM,5,9,11,9,24,42,67,0.2,1021,13,10,287,18,London
2020-10-11,14,9,0.0,5.6,3,31,11:51 PM,03:24 PM,06:18 AM,05:15 PM,6,10,12,10,16,45,67,0.3,1024,14,10,334,13,London
2020-10-12,14,10,0.0,5.6,3,23,No moonrise,03:56 PM,06:20 AM,05:13 PM,6,11,11,11,9,61,71,2.2,1020,14,10,245,7,London
2020-10-13,10,4,0.0,4.1,2,16,01:12 AM,04:21 PM,06:21 AM,05:11 PM,6,8,9,8,18,78,77,13.9,1010,10,7,251,13,London
2020-10-14,15,10,0.0,7.2,3,9,02:36 AM,04:43 PM,06:23 AM,05:09 PM,6,11,12,11,24,62,67,2.5,1019,15,10,48,18,London
2020-10-15,13,10,0.0,4.1,3,2,04:03 AM,05:03 PM,06:25 AM,05:06 PM,5,9,11,9,21,58,64,0.9,1023,13,10,29,16,London
2020-10-16,12,6,0.0,4.0,3,0,05:31 AM,05:23 PM,06:27 AM,05:04 PM,5,9,11,9,12,72,69,0.9,1024,12,10,27,9,London
2020-10-17,12,11,0.0,4.0,3,0,07:00 AM,05:44 PM,06:28 AM,05:02 PM,5,11,12,11,10,75,66,0.2,1022,12,10,104,8,London
2020-10-18,13,11,0.0,4.0,3,5,08:29 AM,06:09 PM,06:30 AM,05:00 PM,5,12,12,12,6,74,61,0.1,1024,13,10,200,5,London
2020-10-19,14,10,0.0,5.5,3,13,09:58 AM,06:39 PM,06:32 AM,04:58 PM,6,11,12,11,17,60,66,0.0,1016,14,10,178,13,London
2020-10-20,18,13,0.0,7.1,4,20,11:22 AM,07:19 PM,06:33 AM,04:56 PM,10,15,15,15,30,60,74,1.0,1003,18,9,193,21,London
2020-10-21,17,14,0.0,3.8,4,27,12:34 PM,08:09 PM,06:35 AM,04:54 PM,12,15,15,15,25,81,81,10.9,999,17,9,192,18,London
2020-10-22,16,12,0.0,5.4,3,35,01:34 PM,09:10 PM,06:37 AM,04:52 PM,9,13,14,13,25,53,74,0.3,1007,16,10,227,18,London
2020-10-23,16,11,0.0,5.4,3,42,02:18 PM,10:18 PM,06:39 AM,04:50 PM,9,13,13,13,18,57,77,0.7,1009,16,10,226,14,London
2020-10-24,15,8,0.0,3.8,3,49,02:51 PM,11:30 PM,06:40 AM,04:48 PM,8,10,12,10,35,73,72,0.2,1008,15,10,208,24,London
2020-10-25,14,10,0.0,7.1,3,56,03:17 PM,No moonset,06:42 AM,04:46 PM,6,10,12,10,27,64,65,16.2,997,14,10,218,20,London
2020-10-26,13,9,0.0,5.4,3,64,03:37 PM,12:41 AM,06:44 AM,04:44 PM,5,9,11,9,25,47,69,0.7,998,13,10,242,18,London
2020-10-27,14,9,0.0,3.7,3,71,03:54 PM,01:51 AM,06:46 AM,04:42 PM,7,9,11,9,26,60,78,2.8,999,14,9,224,18,London
2020-10-28,13,10,0.0,3.7,3,78,04:08 PM,03:00 AM,06:48 AM,04:40 PM,5,8,11,8,31,53,66,0.4,1004,13,10,237,22,London
2020-10-29,14,10,0.0,3.7,3,85,04:23 PM,04:07 AM,06:49 AM,04:38 PM,8,10,12,10,31,84,77,2.7,1013,14,9,235,20,London
2020-10-30,17,14,0.0,3.7,4,93,04:37 PM,05:15 AM,06:51 AM,04:36 PM,11,14,15,14,33,81,77,0.0,1016,17,10,226,22,London
2020-10-31,16,12,0.0,3.7,3,97,04:54 PM,06:22 AM,06:53 AM,04:34 PM,9,13,14,13,40,72,72,3.4,1010,16,10,207,28,London
2020-11-01,15,8,0.0,5.3,3,89,05:12 PM,07:31 AM,06:55 AM,04:32 PM,9,11,13,11,36,91,76,2.7,1006,15,9,220,25,London
2020-11-02,18,10,0.0,3.7,3,81,05:35 PM,08:39 AM,06:56 AM,04:31 PM,8,14,15,14,50,68,63,0.8,1004,18,9,232,36,London
2020-11-03,10,4,0.0,5.3,2,74,06:03 PM,09:47 AM,06:58 AM,04:29 PM,2,6,9,6,24,41,64,14.2,1019,10,9,254,18,London
2020-11-04,11,8,0.0,8.7,4,66,06:39 PM,10:53 AM,07:00 AM,04:27 PM,5,9,10,9,8,4,70,0.0,1032,11,10,271,7,London
2020-11-05,12,8,0.0,8.7,4,58,07:27 PM,11:52 AM,07:02 AM,04:25 PM,5,10,10,10,5,6,71,0.0,1038,12,10,84,4,London
2020-11-06,13,8,0.0,7.0,3,51,08:24 PM,12:43 PM,07:04 AM,04:24 PM,3,9,10,9,13,18,66,0.0,1029,13,10,96,10,London
2020-11-07,14,8,0.0,6.9,3,43,09:34 PM,01:25 PM,07:05 AM,04:22 PM,8,10,11,10,11,41,85,0.0,1021,14,10,93,7,London
2020-11-08,13,10,0.0,5.2,3,36,10:49 PM,01:58 PM,07:07 AM,04:20 PM,10,12,12,12,7,72,91,0.2,1019,13,7,136,4,London
2020-11-09,15,12,0.0,3.4,3,28,No moonrise,02:24 PM,07:09 AM,04:19 PM,11,13,13,13,13,67,89,1.6,1020,15,7,151,8,London
2020-11-10,16,12,0.0,5.2,3,21,12:09 AM,02:46 PM,07:11 AM,04:17 PM,11,13,13,13,10,58,86,2.3,1022,16,8,190,7,London
2020-11-11,14,7,0.0,3.4,3,13,01:32 AM,03:06 PM,07:12 AM,04:16 PM,9,10,12,10,21,75,83,0.0,1018,14,10,180,15,London
2020-11-12,12,10,0.0,8.7,3,6,02:57 AM,03:25 PM,07:14 AM,04:14 PM,6,9,11,9,30,60,72,7.6,1013,12,9,232,21,London
2020-11-13,14,11,0.0,5.1,3,0,04:23 AM,03:44 PM,07:16 AM,04:13 PM,7,11,12,11,19,77,73,0.3,1014,14,9,221,13,London
2020-11-14,15,5,0.0,3.4,3,0,05:52 AM,04:06 PM,07:18 AM,04:12 PM,10,10,12,10,35,91,80,13.5,1008,15,9,197,23,London
2020-11-15,14,10,0.0,5.1,3,0,07:23 AM,04:33 PM,07:19 AM,04:10 PM,7,10,12,10,37,85,69,4.0,997,14,10,221,27,London
2020-11-16,11,7,0.0,5.1,3,2,08:51 AM,05:09 PM,07:21 AM,04:09 PM,6,8,10,8,31,71,71,0.0,1012,11,10,250,21,London
2020-11-17,14,12,0.0,3.3,3,9,10:13 AM,05:54 PM,07:23 AM,04:08 PM,9,10,12,10,27,77,78,0.0,1021,14,10,222,18,London
2020-11-18,15,10,0.0,5.1,3,17,11:22 AM,06:52 PM,07:25 AM,04:06 PM,8,10,12,10,32,61,77,0.1,1016,15,10,214,21,London
2020-11-19,10,8,0.0,5.1,2,24,12:14 PM,08:00 PM,07:26 AM,04:05 PM,2,6,9,6,27,59,62,0.1,1025,10,10,227,19,London
2020-11-20,9,-0,0.0,3.3,2,32,12:53 PM,09:14 PM,07:28 AM,04:04 PM,2,4,6,4,18,76,70,0.3,1034,9,9,236,13,London
2020-11-21,12,10,0.0,5.1,3,39,01:22 PM,10:27 PM,07:30 AM,04:03 PM,7,8,11,8,30,84,76,0.0,1027,12,10,237,20,London
2020-11-22,11,9,0.0,8.7,3,47,01:44 PM,11:39 PM,07:31 AM,04:02 PM,5,9,10,9,14,55,70,0.1,1026,11,10,270,10,London
2020-11-23,11,7,0.0,5.1,2,54,02:01 PM,No moonset,07:33 AM,04:01 PM,5,8,9,8,10,67,81,0.0,1026,11,8,204,7,London
2020-11-24,12,10,0.0,6.9,3,62,02:17 PM,12:49 AM,07:34 AM,04:00 PM,8,9,11,9,23,63,83,0.0,1017,12,9,196,15,London
2020-11-25,12,10,0.0,3.1,3,70,02:31 PM,01:57 AM,07:36 AM,03:59 PM,9,10,11,10,16,93,90,0.0,1012,12,9,187,11,London
2020-11-26,10,8,0.0,5.0,2,77,02:45 PM,03:04 AM,07:37 AM,03:58 PM,5,8,9,8,9,61,73,1.8,1020,10,10,18,8,London
2020-11-27,8,1,0.0,4.9,2,85,03:01 PM,04:11 AM,07:39 AM,03:57 PM,5,5,6,5,11,64,86,0.8,1019,8,7,62,8,London
2020-11-28,11,8,0.0,8.2,3,92,03:18 PM,05:19 AM,07:40 AM,03:57 PM,7,8,9,8,13,30,84,0.0,1018,11,10,93,10,London
2020-11-29,11,7,0.0,8.1,2,100,03:39 PM,06:28 AM,07:42 AM,03:56 PM,7,8,9,8,8,24,88,0.0,1025,11,8,44,6,London
2020-11-30,10,7,0.0,3.0,2,100,04:05 PM,07:38 AM,07:43 AM,03:55 PM,6,7,8,7,15,81,87,0.4,1025,10,8,271,10,London
2020-12-01,7,5,0.0,8.1,3,89,04:39 PM,08:45 AM,07:45 AM,03:55 PM,2,3,6,3,24,37,72,0.4,1024,7,10,346,17,London
2020-12-02,7,2,0.0,3.0,2,82,05:23 PM,09:48 AM,07:46 AM,03:54 PM,1,3,5,3,11,72,77,0.1,1018,7,10,290,8,London
2020-12-03,6,5,0.0,3.0,2,75,06:18 PM,10:42 AM,07:47 AM,03:54 PM,3,4,5,4,11,88,82,4.2,995,6,9,178,8,London
2020-12-04,5,1,0.0,3.0,1,67,07:24 PM,11:26 AM,07:49 AM,03:53 PM,1,2,5,2,15,69,76,0.2,978,5,10,270,12,London
2020-12-05,6,5,0.0,4.9,2,60,08:36 PM,12:01 PM,07:50 AM,03:53 PM,1,2,5,2,19,48,76,0.8,991,6,10,92,13,London
2020-12-06,6,4,0.0,3.0,2,53,09:54 PM,12:29 PM,07:51 AM,03:52 PM,2,2,5,2,16,89,79,0.5,1001,6,9,21,12,London
2020-12-07,5,3,0.0,8.0,1,46,11:14 PM,12:51 PM,07:52 AM,03:52 PM,1,3,4,3,7,37,82,0.1,1000,5,10,289,5,London
2020-12-08,6,3,0.0,8.0,1,38,No moonrise,01:11 PM,07:53 AM,03:52 PM,1,3,4,3,6,49,81,0.0,1003,6,10,192,4,London
2020-12-09,6,5,0.0,6.8,2,31,12:34 AM,01:29 PM,07:54 AM,03:52 PM,2,3,5,3,15,81,79,0.2,1005,6,10,225,11,London
2020-12-10,7,6,0.0,3.0,2,24,01:57 AM,01:47 PM,07:55 AM,03:51 PM,4,4,6,4,21,95,82,0.2,999,7,10,135,14,London
2020-12-11,10,7,0.0,3.0,2,17,03:21 AM,02:07 PM,07:56 AM,03:51 PM,7,7,8,7,14,80,92,8.4,988,10,8,202,10,London
2020-12-12,8,6,0.0,4.9,2,9,04:48 AM,02:30 PM,07:57 AM,03:51 PM,5,5,7,5,16,71,85,0.0,997,8,10,277,11,London
2020-12-13,8,-1,0.0,3.0,2,2,06:16 AM,03:00 PM,07:58 AM,03:51 PM,5,3,6,3,25,67,85,2.4,1004,8,10,196,16,London
2020-12-14,12,10,0.0,7.9,3,0,07:42 AM,03:40 PM,07:59 AM,03:51 PM,7,8,11,8,29,59,77,3.5,999,12,8,208,18,London
2020-12-15,11,8,0.0,7.5,2,0,08:59 AM,04:32 PM,08:00 AM,03:52 PM,6,7,9,7,18,61,83,0.1,1005,11,10,197,11,London
2020-12-16,11,2,0.0,4.8,2,5,10:01 AM,05:37 PM,08:01 AM,03:52 PM,6,6,9,6,29,71,80,0.5,1007,11,9,178,19,London
2020-12-17,10,5,0.0,7.5,3,12,10:48 AM,06:50 PM,08:02 AM,03:52 PM,6,7,9,7,20,33,80,0.1,1014,10,10,212,13,London
2020-12-18,12,4,0.0,2.8,3,20,11:22 AM,08:06 PM,08:02 AM,03:52 PM,8,8,11,8,37,95,82,0.5,1010,12,9,192,24,London
2020-12-19,12,9,0.0,6.7,3,27,11:47 AM,09:21 PM,08:03 AM,03:53 PM,6,8,11,8,32,57,74,3.4,1005,12,9,202,22,London
2020-12-20,10,8,0.0,7.5,3,34,12:07 PM,10:33 PM,08:03 AM,03:53 PM,5,7,9,7,21,36,74,1.1,1013,10,10,218,14,London
2020-12-21,14,6,0.0,2.8,3,41,12:23 PM,11:43 PM,08:04 AM,03:54 PM,9,8,10,8,30,90,86,3.6,1007,14,8,205,19,London
2020-12-22,12,10,0.0,4.8,3,49,12:38 PM,No moonset,08:04 AM,03:54 PM,10,11,12,11,17,90,87,1.8,1010,12,8,212,12,London
2020-12-23,12,10,0.0,2.8,3,56,12:52 PM,12:51 AM,08:05 AM,03:55 PM,9,10,11,10,12,94,89,10.7,1005,12,8,185,8,London
2020-12-24,6,-3,0.0,6.7,1,63,01:07 PM,01:58 AM,08:05 AM,03:55 PM,-0,-0,4,-0,39,79,69,2.0,1019,6,9,261,29,London
2020-12-25,4,2,0.0,7.5,2,70,01:24 PM,03:06 AM,08:05 AM,03:56 PM,-2,-1,3,-1,20,43,71,0.0,1031,4,10,325,15,London
2020-12-26,8,1,0.0,2.8,2,78,01:43 PM,04:14 AM,08:06 AM,03:57 PM,3,2,5,2,30,79,82,1.2,1018,8,9,235,20,London
2020-12-27,9,4,0.0,7.5,2,85,02:07 PM,05:24 AM,08:06 AM,03:58 PM,2,4,7,4,32,60,71,13.1,979,9,9,246,24,London
2020-12-28,5,-1,0.0,4.8,1,92,02:37 PM,06:32 AM,08:06 AM,03:58 PM,0,1,4,1,20,52,75,5.6,969,5,9,138,16,London
2020-12-29,5,3,0.0,4.8,1,100,03:18 PM,07:38 AM,08:06 AM,03:59 PM,1,1,4,1,11,70,82,0.0,987,5,10,311,9,London
2020-12-30,4,-2,0.0,3.0,1,100,04:10 PM,08:36 AM,08:06 AM,04:00 PM,-0,0,3,0,13,59,79,0.0,1002,4,10,267,9,London
2020-12-31,3,1,0.0,8.0,1,89,05:14 PM,09:25 AM,08:06 AM,04:01 PM,-3,-1,2,-1,14,48,72,0.0,1002,3,10,261,10,London
2021-01-01,3,-6,0.0,4.9,1,79,06:26 PM,10:03 AM,08:06 AM,04:02 PM,0,-0,1,-0,9,53,86,0.1,1012,3,9,316,6,London
2021-01-02,4,2,0.0,3.0,1,71,07:44 PM,10:33 AM,08:06 AM,04:03 PM,1,0,3,0,18,86,85,0.0,1017,4,10,352,13,London
2021-01-03,5,2,0.0,4.9,1,64,09:03 PM,10:58 AM,08:06 AM,04:04 PM,1,0,3,0,16,70,84,0.3,1018,5,10,112,11,London
2021-01-04,4,3,0.2,3.0,1,57,10:22 PM,11:18 AM,08:05 AM,04:06 PM,0,-1,4,-1,31,83,80,1.3,1020,4,10,40,21,London
2021-01-05,3,2,6.9,3.0,1,50,11:43 PM,11:36 AM,08:05 AM,04:07 PM,1,-2,3,-2,28,99,90,8.1,1021,3,3,33,19,London
2021-01-06,4,2,1.2,4.9,1,42,No moonrise,11:53 AM,08:05 AM,04:08 PM,0,-0,3,-0,19,73,83,2.4,1020,4,8,62,14,London
2021-01-07,3,1,0.0,8.1,2,35,01:04 AM,12:11 PM,08:04 AM,04:09 PM,-1,-1,2,-1,12,52,81,0.0,1018,3,10,308,9,London
2021-01-08,3,1,6.3,3.0,1,28,02:26 AM,12:32 PM,08:04 AM,04:11 PM,0,-1,2,-1,13,92,89,7.4,1018,3,6,184,9,London
2021-01-09,7,1,0.0,8.1,2,20,03:52 AM,12:58 PM,08:03 AM,04:12 PM,-0,1,3,1,10,17,81,0.0,1026,7,10,137,7,London
2021-01-10,4,1,0.0,8.1,2,13,05:16 AM,01:32 PM,08:03 AM,04:13 PM,-0,-1,2,-1,11,30,86,0.0,1026,4,10,259,7,London
2021-01-11,6,-4,0.0,4.9,1,6,06:35 AM,02:16 PM,08:02 AM,04:15 PM,3,-0,3,-0,27,87,89,0.7,1018,6,8,246,16,London
2021-01-12,8,6,0.0,3.1,2,0,07:44 AM,03:15 PM,08:02 AM,04:16 PM,5,6,7,6,16,90,88,5.3,1014,8,9,193,11,London
2021-01-13,8,3,0.0,3.1,2,0,08:37 AM,04:24 PM,08:01 AM,04:18 PM,4,4,5,4,8,92,92,5.8,1018,8,7,210,5,London
2021-01-14,8,3,0.0,3.1,2,1,09:18 AM,05:41 PM,08:00 AM,04:19 PM,4,3,6,3,20,92,91,32.1,1018,8,6,122,14,London
2021-01-15,4,2,0.2,3.2,1,8,09:47 AM,06:58 PM,07:59 AM,04:21 PM,-2,1,3,1,11,70,72,0.2,1028,4,9,38,8,London
2021-01-16,7,2,0.0,3.2,1,16,10:10 AM,08:13 PM,07:58 AM,04:22 PM,3,1,4,1,24,69,87,4.9,1020,7,9,229,16,London
2021-01-17,6,4,0.0,6.9,1,23,10:28 AM,09:25 PM,07:58 AM,04:24 PM,2,2,5,2,18,46,80,0.0,1023,6,10,277,12,London
2021-01-18,7,3,0.0,3.3,2,30,10:43 AM,10:35 PM,07:57 AM,04:26 PM,3,2,5,2,23,73,84,1.9,1021,7,10,232,15,London
2021-01-19,11,7,0.0,3.3,3,38,10:58 AM,11:43 PM,07:56 AM,04:27 PM,8,7,10,7,42,99,84,11.8,1003,11,6,234,28,London
2021-01-20,11,1,0.0,3.3,2,45,11:13 AM,No moonset,07:55 AM,04:29 PM,8,7,10,7,46,100,82,16.5,988,11,8,207,32,London
2021-01-21,8,6,0.0,6.9,2,52,11:28 AM,12:51 AM,07:53 AM,04:31 PM,1,3,7,3,36,59,64,6.4,983,8,9,248,27,London
2021-01-22,7,3,0.0,8.7,3,59,11:46 AM,01:59 AM,07:52 AM,04:32 PM,1,3,5,3,12,24,73,0.0,991,7,10,252,10,London
2021-01-23,4,-1,0.1,3.3,1,67,12:07 PM,03:08 AM,07:51 AM,04:34 PM,-0,1,3,1,9,60,75,0.1,996,4,10,275,7,London
2021-01-24,4,-7,5.0,3.3,1,74,12:35 PM,04:16 AM,07:50 AM,04:36 PM,-1,-2,2,-2,15,61,76,5.9,996,4,8,221,11,London
2021-01-25,5,1,0.0,8.7,2,81,01:11 PM,05:24 AM,07:49 AM,04:38 PM,-2,-1,3,-1,20,35,69,0.0,1008,5,10,261,14,London
2021-01-26,5,-2,0.0,5.1,1,88,01:59 PM,06:25 AM,07:47 AM,04:39 PM,0,-0,3,-0,15,54,82,2.1,1018,5,9,230,10,London
2021-01-27,9,5,0.0,5.1,2,96,02:58 PM,07:18 AM,07:46 AM,04:41 PM,6,6,7,6,14,81,94,0.2,1012,9,4,246,9,London
2021-01-28,12,8,0.0,3.4,3,100,04:09 PM,08:01 AM,07:45 AM,04:43 PM,9,8,10,8,25,94,91,10.4,1004,12,9,224,15,London
2021-01-29,10,8,0.0,3.4,2,90,05:27 PM,08:34 AM,07:43 AM,04:45 PM,6,7,9,7,24,88,81,9.3,999,10,9,267,17,London
